StartStation Name,July 5th,August 2nd,July 12th,July 26th,Average Count,July 19th(Heatwave day),Latitude,Longitude
"Abbey Orchard Street, Westminster",60.0,59.0,86.0,71.0,69.0,45.0,51.498125,-0.132102
"Abbotsbury Road, Holland Park",19.0,21.0,26.0,11.0,19.25,20.0,51.501391,-0.205991
"Aberdeen Place, St. John's Wood",28.0,25.0,33.0,31.0,29.25,18.0,51.524826,-0.176268
"Aberfeldy Street, Poplar",25.0,10.0,30.0,13.0,19.5,15.0,51.513548,-0.005659
"Abingdon Green, Westminster",81.0,68.0,60.0,47.0,64.0,57.0,51.49764,-0.125972
"Abingdon Villas, Kensington",34.0,29.0,35.0,10.0,27.0,35.0,51.497387,-0.197245
"Ackroyd Drive, Bow",41.0,45.0,36.0,43.0,41.25,48.0,51.520398,-0.026768
"Ada Street, Hackney Central",52.0,30.0,35.0,58.0,43.75,31.0,51.535716,-0.060291
"Addison Road, Holland Park",42.0,18.0,23.0,25.0,27.0,19.0,51.504199,-0.210941
"Aintree Street, Fulham",52.0,50.0,51.0,35.0,47.0,43.0,51.481021,-0.209973
"Albany Street, The Regent's Park",50.0,53.0,62.0,77.0,60.5,51.0,51.528302,-0.144466
"Albert Bridge Road, Battersea Park",50.0,34.0,52.0,61.0,49.25,46.0,51.474392,-0.163347
"Albert Embankment, Vauxhall",43.0,59.0,51.0,43.0,49.0,41.0,51.490435,-0.122806
"Albert Gardens, Stepney",36.0,36.0,68.0,40.0,45.0,26.0,51.51328,-0.047784
"Albert Gate, Hyde Park",136.0,299.0,111.0,320.0,216.5,,51.502953,-0.158456
"Albert Square, Stockwell",47.0,63.0,36.0,42.0,47.0,53.0,51.47659,-0.118256
"Alderney Street, Pimlico",77.0,53.0,73.0,77.0,70.0,68.0,51.488057,-0.140741
"Aldersgate Street, Barbican",93.0,74.0,,69.0,78.66666666666667,,51.520841,-0.09734
"Alfreda Street, Battersea Park",47.0,43.0,54.0,41.0,46.25,48.0,51.47505,-0.150908
"All Saints Church, Portobello",61.0,61.0,64.0,64.0,62.5,59.0,51.51632,-0.202608
"All Saints' Road, Portobello",28.0,39.0,21.0,34.0,30.5,27.0,51.519042,-0.204764
"Allington Street, Victoria",148.0,150.0,131.0,127.0,139.0,81.0,51.496863,-0.142943
"Alma Road, Wandsworth",21.0,17.0,21.0,15.0,18.5,25.0,51.457991,-0.184806
"Alpha Grove, Millwall",23.0,20.0,31.0,19.0,23.25,12.0,51.497304,-0.022793
"Ampton Street , Clerkenwell",26.0,34.0,40.0,29.0,32.25,30.0,51.52728,-0.118295
"Ansell House, Stepney",48.0,77.0,58.0,66.0,62.25,48.0,51.520019,-0.05438
"Antill Road, Mile End",28.0,31.0,39.0,31.0,32.25,29.0,51.528224,-0.037471
"Archbishop's Park, Waterloo",19.0,43.0,45.0,39.0,36.5,34.0,51.498241,-0.117495
"Argyll Road, Kensington",44.0,46.0,49.0,37.0,44.0,27.0,51.500401,-0.195455
"Arlington Road, Camden Town",42.0,33.0,53.0,35.0,40.75,16.0,51.539957,-0.145246
"Arundel Street, Temple",23.0,31.0,30.0,39.0,30.75,30.0,51.511726,-0.113855
"Ashley Crescent, Battersea",48.0,42.0,55.0,43.0,47.0,38.0,51.467185,-0.152248
"Ashley Place, Victoria",84.0,67.0,74.0,53.0,69.5,72.0,51.49616,-0.140947
"Ashmole Estate, Oval",26.0,42.0,40.0,40.0,37.0,34.0,51.482678,-0.117661
"Aston Street, Stepney",32.0,24.0,38.0,25.0,29.75,27.0,51.516,-0.038775
"Austin Road, Battersea Park",59.0,48.0,56.0,50.0,53.25,47.0,51.474376,-0.155442
"Aylward Street, Stepney",29.0,32.0,23.0,27.0,27.75,20.0,51.51563,-0.049067
"BBC White City, White City",38.0,50.0,41.0,44.0,43.25,36.0,51.514767,-0.225787
"Baker Street, Marylebone",70.0,43.0,76.0,66.0,63.75,74.0,51.518913,-0.156166
"Baldwin Street, St. Luke's",60.0,67.0,73.0,58.0,64.5,54.0,51.527025,-0.088542
"Bancroft Road, Bethnal Green",34.0,51.0,33.0,46.0,41.0,24.0,51.526041,-0.047218
"Bank of England Museum, Bank",78.0,106.0,87.0,71.0,85.5,56.0,51.514441,-0.087587
"Bankside Mix, Bankside",63.0,58.0,58.0,73.0,63.0,51.0,51.505817,-0.100186
"Barbican Centre, Barbican",43.0,43.0,59.0,34.0,44.75,43.0,51.520044,-0.092176
"Barons Court Station, West Kensington",45.0,45.0,44.0,66.0,50.0,53.0,51.490217,-0.215087
"Bath Street, St. Luke's",90.0,70.0,71.0,68.0,74.75,63.0,51.525893,-0.090847
"Battersea Church Road, Battersea",50.0,46.0,45.0,46.0,46.75,48.0,51.476964,-0.174347
"Battersea Park Road, Nine Elms",84.0,99.0,78.0,79.0,85.0,88.0,51.479501,-0.14177
"Battersea Power Station, Battersea Park",104.0,93.0,107.0,93.0,99.25,108.0,51.483507,-0.147714
"Bayley Street , Bloomsbury",64.0,58.0,71.0,53.0,61.5,41.0,51.518587,-0.132053
"Baylis Road, Waterloo",111.0,97.0,116.0,92.0,104.0,75.0,51.501444,-0.110699
"Bayswater Road, Hyde Park",70.0,132.0,182.0,112.0,124.0,101.0,51.511933,-0.174411
"Beaumont Street, Marylebone",59.0,51.0,,55.0,55.0,40.0,51.522008,-0.151359
"Bedford Way, Bloomsbury",27.0,15.0,26.0,16.0,21.0,16.0,51.523673,-0.128377
"Belford House, Haggerston",24.0,21.0,15.0,15.0,18.75,26.0,51.536654,-0.07023
"Belgrave Road, Victoria",55.0,59.0,65.0,56.0,58.75,73.0,51.493204,-0.144132
"Belgrave Square, Belgravia",40.0,38.0,35.0,39.0,38.0,37.0,51.499412,-0.152317
"Belgrove Street , King's Cross",233.0,224.0,251.0,169.0,219.25,94.0,51.529943,-0.123616
"Bell Lane, Liverpool Street",66.0,46.0,67.0,55.0,58.5,64.0,51.517475,-0.075855
"Bell Street , Marylebone",49.0,42.0,45.0,40.0,44.0,35.0,51.522029,-0.165842
"Belvedere Road 1, South Bank",66.0,55.0,72.0,62.0,63.75,38.0,51.506133,-0.114686
"Belvedere Road 2, South Bank",40.0,53.0,38.0,48.0,44.75,36.0,51.50621,-0.114842
"Bermondsey Station, Bermondsey",57.0,55.0,70.0,46.0,57.0,58.0,51.497995,-0.063471
"Bermondsey Street, Bermondsey",75.0,79.0,86.0,72.0,78.0,61.0,51.497855,-0.081608
"Berry Street, Clerkenwell",86.0,65.0,91.0,68.0,77.5,58.0,51.522853,-0.099994
"Beryl Road, Hammersmith",44.0,24.0,34.0,34.0,34.0,27.0,51.488144,-0.222456
"Bethnal Green Garden, Bethnal Green",44.0,51.0,37.0,51.0,45.75,40.0,51.52568,-0.055312
"Bethnal Green Road, Shoreditch",154.0,154.0,141.0,140.0,147.25,133.0,51.523648,-0.074754
"Bevington Road West, North Kensington",61.0,68.0,56.0,47.0,58.0,49.0,51.5212,-0.208888
"Binfield Road, Stockwell",59.0,65.0,68.0,66.0,64.5,40.0,51.472509,-0.122831
"Birkenhead Street, King's Cross",65.0,36.0,48.0,38.0,46.75,54.0,51.530199,-0.122299
"Bishop's Avenue, Fulham",53.0,33.0,48.0,45.0,44.75,30.0,51.473036,-0.214749
"Bishop's Bridge Road East, Bayswater",30.0,26.0,25.0,31.0,28.0,23.0,51.5171,-0.18377
"Bishop's Bridge Road West, Bayswater",87.0,71.0,77.0,58.0,73.25,66.0,51.51616,-0.18697
"Black Lion Gate, Kensington Gardens",87.0,248.0,240.0,198.0,193.25,149.0,51.509908,-0.187842
"Black Prince Road, Vauxhall",57.0,57.0,48.0,48.0,52.5,41.0,51.490867,-0.116911
"Blackfriars Road, Southwark",58.0,101.0,67.0,86.0,78.0,64.0,51.505461,-0.10454
"Blackfriars Station, St. Paul's",122.0,97.0,106.0,110.0,108.75,81.0,51.511934,-0.103078
"Blenheim Crescent, Ladbroke Grove",53.0,35.0,41.0,32.0,40.25,31.0,51.515108,-0.208565
"Blythe Road West, Shepherd's Bush",23.0,16.0,28.0,32.0,24.75,25.0,51.49968,-0.221791
"Blythe Road, Olympia",28.0,40.0,30.0,27.0,31.25,29.0,51.496927,-0.2135
"Bolsover Street, Fitzrovia",67.0,59.0,55.0,55.0,59.0,53.0,51.523518,-0.143613
"Bonner Gate, Victoria Park",60.0,86.0,73.0,65.0,71.0,74.0,51.53341,-0.049591
"Bonny Street, Camden Town",82.0,74.0,59.0,51.0,66.5,61.0,51.541603,-0.138853
"Borough High Street, The Borough",59.0,35.0,67.0,41.0,50.5,38.0,51.500694,-0.094524
"Borough Road, Elephant & Castle",38.0,47.0,43.0,35.0,40.75,20.0,51.498898,-0.10044
"Boston Place, Marylebone",101.0,87.0,107.0,119.0,103.5,75.0,51.522511,-0.162298
"Bourne Street, Belgravia",71.0,33.0,54.0,45.0,50.75,37.0,51.490959,-0.153233
"Bouverie Street, Temple",50.0,41.0,63.0,64.0,54.5,50.0,51.513821,-0.107927
"Bow Church Station, Bow",59.0,81.0,59.0,43.0,60.5,52.0,51.528169,-0.018703
"Bow Road Station, Bow",42.0,61.0,55.0,33.0,47.75,32.0,51.527058,-0.025296
"Braham Street, Aldgate",103.0,129.0,99.0,92.0,105.75,102.0,51.514233,-0.073537
"Bramham Gardens, Earl's Court",78.0,78.0,63.0,66.0,71.25,69.0,51.490163,-0.190393
"Breams Buildings, Holborn",48.0,42.0,42.0,40.0,43.0,35.0,51.515937,-0.111778
"Brick Lane Market, Shoreditch",56.0,63.0,56.0,45.0,55.0,57.0,51.522617,-0.071653
"Bricklayers Arms, Borough",67.0,64.0,75.0,57.0,65.75,64.0,51.495061,-0.085814
"Bridge Avenue, Hammersmith",65.0,64.0,50.0,70.0,62.25,48.0,51.492084,-0.229116
"British Museum, Bloomsbury",67.0,68.0,94.0,62.0,72.75,51.0,51.51908,-0.124678
"Broadcasting House, Marylebone",68.0,55.0,64.0,44.0,57.75,39.0,51.518117,-0.144228
"Broadley Terrace, Marylebone",37.0,30.0,20.0,23.0,27.5,22.0,51.524561,-0.165668
"Broadwick Street, Soho",67.0,71.0,62.0,57.0,64.25,66.0,51.513684,-0.13558
"Bromley High Street, Bow",37.0,34.0,37.0,25.0,33.25,32.0,51.528828,-0.013258
"Brook Green South, Brook Green",40.0,31.0,46.0,35.0,38.0,34.0,51.494347,-0.215804
"Broomhouse Lane, Parsons Green",29.0,23.0,32.0,20.0,26.0,20.0,51.468418,-0.199135
"Brunswick Square, Bloomsbury",52.0,69.0,60.0,66.0,61.75,47.0,51.523951,-0.122502
"Brushfield Street, Liverpool Street",145.0,136.0,147.0,133.0,140.25,136.0,51.518908,-0.079249
"Bruton Street, Mayfair",35.0,45.0,51.0,44.0,43.75,31.0,51.510736,-0.144165
"Buckingham Gate, Westminster",77.0,89.0,56.0,72.0,73.5,42.0,51.498865,-0.137424
"Bunhill Row, Moorgate",89.0,66.0,72.0,67.0,73.5,58.0,51.520858,-0.089887
"Burdett Road, Mile End",56.0,64.0,53.0,57.0,57.5,49.0,51.516196,-0.029138
"Bury Place, Holborn",44.0,47.0,46.0,41.0,44.5,39.0,51.51746,-0.12335
"Butler Place, Westminster",50.0,46.0,63.0,57.0,54.0,42.0,51.497829,-0.13544
"Buxton Street 1, Shoreditch",28.0,18.0,13.0,15.0,18.5,24.0,51.521776,-0.068856
"Cadogan Close, Victoria Park",44.0,42.0,65.0,44.0,48.75,31.0,51.542118,-0.028941
"Cadogan Gardens, Chelsea",89.0,55.0,65.0,65.0,68.5,48.0,51.492462,-0.159919
"Cadogan Place, Knightsbridge",31.0,34.0,57.0,39.0,40.25,52.0,51.494645,-0.158105
"Caldwell Street, Stockwell",50.0,51.0,64.0,45.0,52.5,47.0,51.477839,-0.116493
"Calshot Street , King's Cross",25.0,26.0,16.0,19.0,21.5,14.0,51.53136,-0.117069
"Campden Hill Road, Notting Hill",12.0,18.0,22.0,13.0,16.25,17.0,51.506584,-0.199004
"Canada Water Station, Rotherhithe",48.0,41.0,54.0,45.0,47.0,48.0,51.498439,-0.04915
"Canton Street, Poplar",31.0,11.0,29.0,,23.666666666666668,37.0,51.511811,-0.025626
"Cantrell Road, Bow",21.0,22.0,26.0,17.0,21.5,22.0,51.521564,-0.022694
"Carey Street, Holborn",23.0,31.0,27.0,23.0,26.0,20.0,51.51501,-0.112753
"Carnegie Street, King's Cross",34.0,30.0,27.0,36.0,31.75,32.0,51.535467,-0.116191
"Cartwright Gardens , Bloomsbury",38.0,24.0,19.0,47.0,32.0,33.0,51.526357,-0.125979
"Castlehaven Road, Camden Town",81.0,85.0,78.0,64.0,77.0,56.0,51.542138,-0.145393
"Central House, Aldgate",104.0,57.0,76.0,62.0,74.75,49.0,51.515231,-0.07015
"Cephas Street, Bethnal Green",33.0,46.0,29.0,33.0,35.25,47.0,51.522561,-0.054883
"Chadwell Street, Angel",59.0,52.0,63.0,61.0,58.75,52.0,51.530515,-0.106408
"Chancery Lane, Holborn",30.0,35.0,41.0,27.0,33.25,23.0,51.514274,-0.111257
"Chapel Place, Marylebone",69.0,60.0,57.0,55.0,60.25,51.0,51.515308,-0.147203
"Charing Cross Hospital, Hammersmith",32.0,40.0,35.0,30.0,34.25,31.0,51.487285,-0.217995
"Charlbert Street, St. John's Wood",33.0,30.0,33.0,35.0,32.75,34.0,51.5343,-0.168074
"Charles II Street, West End",84.0,61.0,54.0,48.0,61.75,62.0,51.508446,-0.131961
"Charlotte Street, Fitzrovia",49.0,44.0,55.0,52.0,50.0,49.0,51.51953,-0.135777
"Charlotte Terrace, Angel",26.0,19.0,41.0,33.0,29.75,25.0,51.536392,-0.112721
"Cheapside, Bank",173.0,155.0,149.0,114.0,147.75,92.0,51.51397,-0.09294
"Chelsea Bridge, Pimlico",83.0,72.0,57.0,47.0,64.75,51.0,51.485821,-0.149004
"Chelsea Green, Chelsea",45.0,63.0,65.0,47.0,55.0,44.0,51.490664,-0.166485
"Chepstow Villas, Notting Hill",48.0,36.0,32.0,20.0,34.0,24.0,51.512136,-0.201554
"Cheshire Street, Bethnal Green",27.0,29.0,39.0,34.0,32.25,41.0,51.52388,-0.065076
"Chesilton Road, Fulham",53.0,50.0,42.0,39.0,46.0,45.0,51.475698,-0.205876
"Chrisp Street Market, Poplar",28.0,36.0,37.0,17.0,29.5,31.0,51.5112,-0.014438
"Christopher Street, Liverpool Street",50.0,48.0,47.0,52.0,49.25,38.0,51.521283,-0.084605
"City Road, Angel",61.0,47.0,53.0,55.0,54.0,45.0,51.530344,-0.100168
"Clapham Common North Side, Clapham Common",32.0,39.0,28.0,38.0,34.25,20.0,51.461343,-0.159322
"Clapham Common Station, Clapham Common",80.0,88.0,98.0,79.0,86.25,71.0,51.461388,-0.139221
"Clapham Road, Lingham Street, Stockwell",24.0,20.0,22.0,16.0,20.5,29.0,51.471433,-0.12367
"Claremont Square, Angel",34.0,29.0,39.0,42.0,36.0,25.0,51.531666,-0.109914
"Clarence Walk, Stockwell",19.0,13.0,28.0,17.0,19.25,29.0,51.470732,-0.126994
"Clarendon Road, Avondale",16.0,7.0,24.0,16.0,15.75,14.0,51.51323,-0.211593
"Clarges Street, Mayfair",16.0,17.0,28.0,24.0,21.25,15.0,51.507326,-0.145827
"Clarkson Street, Bethnal Green",26.0,23.0,31.0,30.0,27.5,25.0,51.528692,-0.059091
"Claverton Street, Pimlico",50.0,57.0,48.0,39.0,48.5,76.0,51.484839,-0.138089
"Cleaver Street, Kennington",27.0,18.0,30.0,26.0,25.25,29.0,51.488105,-0.110121
"Clerkenwell Green, Clerkenwell",82.0,83.0,89.0,79.0,83.25,58.0,51.52326,-0.104708
"Cleveland Gardens, Bayswater",42.0,24.0,31.0,44.0,35.25,36.0,51.515607,-0.183118
"Cleveland Way, Stepney",110.0,102.0,115.0,123.0,112.5,91.0,51.520893,-0.051394
"Clifford Street, Mayfair",36.0,23.0,23.0,38.0,30.0,25.0,51.510662,-0.142345
"Clifton Road, Maida Vale",34.0,33.0,43.0,48.0,39.5,29.0,51.525575,-0.179592
"Clifton Street, Shoreditch",45.0,33.0,28.0,45.0,37.75,39.0,51.523196,-0.083067
"Clinton Road, Mile End",52.0,38.0,47.0,36.0,43.25,36.0,51.525941,-0.036017
"Cloudesley Road, Angel",40.0,47.0,51.0,30.0,42.0,18.0,51.534408,-0.109025
"Colet Gardens, Hammersmith",6.0,5.0,5.0,5.0,5.25,5.0,51.491093,-0.216493
"Collingham Gardens, Earl's Court",42.0,35.0,46.0,34.0,39.25,42.0,51.491615,-0.186753
"Columbia Road, Shoreditch",54.0,56.0,59.0,49.0,54.5,57.0,51.528187,-0.075375
"Commercial Street, Shoreditch",49.0,45.0,55.0,50.0,49.75,37.0,51.52127,-0.075578
"Concert Hall Approach 1, South Bank",26.0,25.0,37.0,29.0,29.25,16.0,51.505044,-0.115851
"Concert Hall Approach 2, South Bank",40.0,37.0,30.0,41.0,37.0,23.0,51.504942,-0.115533
"Coomer Place, West Kensington",66.0,57.0,57.0,69.0,62.25,48.0,51.48357,-0.202038
"Copper Box Arena, Queen Elizabeth Olympic Park",33.0,25.0,54.0,34.0,36.5,41.0,51.544909,-0.020542
"Coram Street, Bloomsbury",47.0,55.0,32.0,32.0,41.5,31.0,51.524,-0.126409
"Cotton Garden Estate, Kennington",23.0,38.0,47.0,29.0,34.25,42.0,51.490757,-0.106323
"Courland Grove, Wandsworth Road",57.0,54.0,35.0,31.0,44.25,32.0,51.472918,-0.132102
"Crabtree Lane, Fulham",24.0,35.0,37.0,24.0,30.0,28.0,51.482944,-0.219346
"Craven Street, Strand",130.0,144.0,145.0,133.0,138.0,94.0,51.508103,-0.126021
"Crawford Street, Marylebone",66.0,74.0,59.0,66.0,66.25,68.0,51.52026,-0.157183
"Crinan Street, King's Cross",33.0,26.0,30.0,20.0,27.25,13.0,51.534474,-0.122203
"Crisp Road, Hammersmith",58.0,48.0,52.0,56.0,53.5,34.0,51.488108,-0.226606
"Cromer Street, Bloomsbury",21.0,27.0,41.0,16.0,26.25,14.0,51.528279,-0.119558
"Crosswall, Tower",175.0,152.0,145.0,131.0,150.75,105.0,51.511594,-0.077121
"Culvert Road, Battersea",26.0,21.0,25.0,23.0,23.75,23.0,51.471095,-0.15785
"Curlew Street, Shad Thames",82.0,77.0,80.0,58.0,74.25,46.0,51.502279,-0.074189
"Curzon Street, Mayfair",49.0,32.0,44.0,44.0,42.25,36.0,51.507069,-0.145904
"Danvers Street, West Chelsea",30.0,53.0,37.0,33.0,38.25,37.0,51.482567,-0.172078
"De Vere Gardens, Kensington",46.0,36.0,72.0,53.0,51.75,28.0,51.501737,-0.18498
"Denyer Street, Knightsbridge",22.0,12.0,17.0,9.0,15.0,16.0,51.493583,-0.165101
"Derry Street, Kensington",115.0,73.0,123.0,107.0,104.5,103.0,51.501364,-0.191462
"Devons Road, Bow",28.0,31.0,28.0,24.0,27.75,24.0,51.52512,-0.015578
"Devonshire Square, Liverpool Street",41.0,35.0,39.0,37.0,38.0,43.0,51.516468,-0.079684
"Devonshire Terrace, Bayswater",49.0,71.0,50.0,78.0,62.0,75.0,51.51348,-0.17977
"Dickens Square, Borough",20.0,26.0,25.0,21.0,23.0,24.0,51.496791,-0.093913
"Disraeli Road, Putney",19.0,25.0,28.0,20.0,23.0,22.0,51.46161,-0.216145
"Dock Street, Wapping",68.0,82.0,73.0,75.0,74.5,73.0,51.509786,-0.068161
"Doddington Grove, Kennington",56.0,38.0,63.0,52.0,52.25,42.0,51.486929,-0.102996
"Doric Way , Somers Town",89.0,94.0,79.0,80.0,85.5,44.0,51.528833,-0.13225
"Dorothy Road, Clapham Junction",43.0,29.0,42.0,41.0,38.75,48.0,51.465064,-0.16375
"Dorset Square, Marylebone",63.0,91.0,74.0,27.0,63.75,47.0,51.522596,-0.161113
"Drayton Gardens, West Chelsea",96.0,89.0,93.0,78.0,89.0,78.0,51.487196,-0.179369
"Driffield Road, Old Ford",44.0,48.0,57.0,38.0,46.75,31.0,51.534137,-0.037366
"Drummond Street , Euston",24.0,33.0,45.0,32.0,33.5,26.0,51.527326,-0.136052
"Drury Lane, Covent Garden",111.0,110.0,91.0,95.0,101.75,78.0,51.51477,-0.122219
"Duke Street Hill, London Bridge",231.0,198.0,130.0,193.0,188.0,151.0,51.506304,-0.087262
"Dunston Road , Haggerston",54.0,73.0,86.0,76.0,72.25,83.0,51.536585,-0.075885
"Durant Street, Bethnal Green",35.0,49.0,35.0,49.0,42.0,36.0,51.528681,-0.06555
"Eagle Wharf Road, Hoxton",76.0,109.0,109.0,99.0,98.25,86.0,51.53356,-0.09315
"Earnshaw Street , Covent Garden",91.0,98.0,76.0,67.0,83.0,65.0,51.516118,-0.128585
"East Ferry Road, Cubitt Town",13.0,15.0,17.0,14.0,14.75,17.0,51.49447,-0.014409
"East India DLR, Blackwall",24.0,26.0,25.0,23.0,24.5,28.0,51.509474,-0.002275
"East Road, Hoxton",42.0,32.0,49.0,55.0,44.5,41.0,51.528673,-0.087459
"East Village, Queen Elizabeth Olympic Park",53.0,53.0,57.0,65.0,57.0,46.0,51.546326,-0.009935
"Eastbourne Mews, Paddington",100.0,83.0,75.0,88.0,86.5,60.0,51.516417,-0.179135
"Eaton Square (South), Belgravia",42.0,37.0,34.0,30.0,35.75,30.0,51.494561,-0.153933
"Eaton Square, Belgravia",44.0,30.0,43.0,31.0,37.0,20.0,51.496544,-0.150905
"Ebury Bridge, Pimlico",46.0,42.0,27.0,36.0,37.75,35.0,51.490491,-0.149186
"Eccleston Place, Victoria",111.0,104.0,119.0,122.0,114.0,84.0,51.49395,-0.147624
"Edgware Road Station, Marylebone",61.0,57.0,50.0,50.0,54.5,31.0,51.519968,-0.169774
"Eel Brook Common, Walham Green",37.0,28.0,29.0,33.0,31.75,25.0,51.476259,-0.193254
"Elizabeth Bridge, Victoria",63.0,44.0,63.0,52.0,55.5,70.0,51.492369,-0.147478
"Elysium Place, Fulham",22.0,14.0,20.0,18.0,18.5,26.0,51.471079,-0.207842
"Embankment (Savoy), Strand",51.0,61.0,46.0,53.0,52.75,36.0,51.509631,-0.119047
"Emperor's Gate, South Kensington",40.0,36.0,40.0,40.0,39.0,48.0,51.495362,-0.185296
"Empire Square, The Borough",73.0,74.0,82.0,67.0,74.0,60.0,51.500823,-0.08974
"Endsleigh Gardens, Euston",101.0,86.0,92.0,84.0,90.75,39.0,51.526838,-0.130504
"Erin Close, Walham Green",73.0,77.0,58.0,57.0,66.25,44.0,51.479463,-0.195777
"Esmond Street, Putney",9.0,14.0,10.0,6.0,9.75,2.0,51.462312,-0.211468
"Ethelburga Estate, Battersea Park",113.0,121.0,84.0,106.0,106.0,70.0,51.477292,-0.164786
"Euston Road, Euston",46.0,70.0,37.0,42.0,48.75,14.0,51.526236,-0.134407
"Euston Square Gardens, Euston",29.0,24.0,15.0,22.0,22.5,14.0,51.527068,-0.131861
"Everington Street, Fulham",39.0,37.0,36.0,27.0,34.75,23.0,51.483356,-0.216305
"Eversholt Street , Camden Town",27.0,17.0,23.0,24.0,22.75,27.0,51.533005,-0.136792
"Evesham Street, Avondale",15.0,15.0,10.0,11.0,12.75,17.0,51.511486,-0.21819
"Exhibition Road Museums 1, South Kensington",41.0,61.0,51.0,41.0,48.5,46.0,51.496468,-0.173796
"Exhibition Road Museums 2, South Kensington",65.0,45.0,50.0,56.0,54.0,34.0,51.495947,-0.173689
"Exhibition Road, Knightsbridge",121.0,128.0,119.0,133.0,125.25,111.0,51.499917,-0.174554
"Falcon Road, Clapham Junction",92.0,91.0,102.0,87.0,93.0,66.0,51.466633,-0.169821
"Falkirk Street, Hoxton",50.0,48.0,44.0,33.0,43.75,33.0,51.53095,-0.078505
"Fanshaw Street, Hoxton",75.0,76.0,87.0,66.0,76.0,75.0,51.529537,-0.083353
"Farm Street, Mayfair",33.0,39.0,38.0,27.0,34.25,25.0,51.509351,-0.147449
"Farringdon Lane, Clerkenwell",54.0,48.0,43.0,30.0,43.75,38.0,51.52352,-0.10834
"Farringdon Street, Holborn",44.0,44.0,38.0,47.0,43.25,39.0,51.516785,-0.104947
"Fashion Street, Whitechapel",60.0,42.0,57.0,34.0,48.25,26.0,51.51838,-0.073438
"Fawcett Close, Battersea",21.0,23.0,27.0,22.0,23.25,19.0,51.469161,-0.174485
"Felsham Road, Putney",19.0,23.0,20.0,16.0,19.5,28.0,51.464786,-0.215618
"Ferndale Road, Brixton",51.0,56.0,84.0,44.0,58.75,69.0,51.464019,-0.115781
"Finlay Street, Fulham",47.0,30.0,28.0,24.0,32.25,32.0,51.476885,-0.215895
"Finnis Street, Bethnal Green",31.0,33.0,33.0,18.0,28.75,25.0,51.524583,-0.058631
"Finsbury Circus, Liverpool Street",147.0,132.0,125.0,130.0,133.5,88.0,51.517075,-0.086685
"Finsbury Leisure Centre, St. Luke's",74.0,69.0,93.0,97.0,83.25,83.0,51.526008,-0.096317
"Finsbury Library , Finsbury",28.0,35.0,27.0,34.0,31.0,29.0,51.526717,-0.104298
"Finsbury Square , Moorgate",58.0,70.0,47.0,54.0,57.25,48.0,51.520962,-0.085634
"Fire Brigade Pier, Vauxhall",50.0,47.0,54.0,53.0,51.0,43.0,51.493699,-0.121394
"Fisherman's Walk West, Canary Wharf",45.0,68.0,42.0,45.0,50.0,38.0,51.50623,-0.02296
"Flamborough Street, Limehouse",80.0,75.0,79.0,75.0,77.25,72.0,51.512871,-0.038986
"Flood Street, Chelsea",98.0,92.0,92.0,92.0,93.5,83.0,51.488023,-0.166878
"Foley Street, Fitzrovia",59.0,56.0,58.0,50.0,55.75,44.0,51.519181,-0.140485
"Ford Road, Old Ford",42.0,28.0,37.0,33.0,35.0,35.0,51.532513,-0.033085
"Fore Street Avenue, Guildhall",54.0,49.0,42.0,63.0,52.0,36.0,51.518093,-0.091401
"Fore Street, Guildhall",26.0,31.0,29.0,38.0,31.0,22.0,51.517842,-0.090075
"Fournier Street, Whitechapel",54.0,69.0,54.0,67.0,61.0,53.0,51.519362,-0.074431
"Frampton Street, Paddington",32.0,31.0,24.0,29.0,29.0,43.0,51.523353,-0.175116
"Freston Road, Avondale",18.0,14.0,15.0,16.0,15.75,14.0,51.512981,-0.219486
"Frith Street, Soho",52.0,82.0,78.0,68.0,70.0,54.0,51.513103,-0.131213
"Fulham Broadway, Walham Green",123.0,99.0,117.0,84.0,105.75,106.0,51.479932,-0.194116
"Fulham Park Road, Fulham",28.0,32.0,42.0,22.0,31.0,26.0,51.473471,-0.20782
"Furze Green, Bow",49.0,44.0,52.0,45.0,47.5,49.0,51.519265,-0.021345
"Garnet Street, Shadwell",32.0,39.0,53.0,33.0,39.25,53.0,51.508447,-0.055167
"Gas Holders, Battersea Park",119.0,126.0,100.0,116.0,115.25,84.0,51.477966,-0.147857
"Gascoyne Road, Victoria Park",43.0,58.0,46.0,33.0,45.0,40.0,51.541515,-0.038557
"Gauden Road, Clapham",45.0,63.0,53.0,63.0,56.0,47.0,51.464995,-0.130908
"Gaywood  Street, Elephant & Castle",36.0,42.0,47.0,38.0,40.75,42.0,51.49605,-0.104193
"George Place Mews, Marylebone",56.0,42.0,56.0,35.0,47.25,39.0,51.516892,-0.158249
"George Row, Bermondsey",46.0,48.0,45.0,50.0,47.25,54.0,51.498585,-0.068981
"George Street, Marylebone",62.0,50.0,54.0,48.0,53.5,42.0,51.517703,-0.154106
"Geraldine Street, Elephant & Castle",18.0,14.0,16.0,15.0,15.75,5.0,51.496127,-0.106
"Globe Town Market, Bethnal Green",51.0,45.0,32.0,50.0,44.5,46.0,51.528869,-0.047548
"Gloucester Avenue, Camden Town",40.0,41.0,41.0,43.0,41.25,27.0,51.537349,-0.147154
"Gloucester Road (Central), South Kensington",50.0,40.0,38.0,30.0,39.5,27.0,51.496462,-0.183289
"Gloucester Road (North), Kensington",44.0,62.0,66.0,53.0,56.25,56.0,51.497924,-0.183834
"Gloucester Road Station, South Kensington",104.0,92.0,85.0,84.0,91.25,81.0,51.494185,-0.18267
"Gloucester Street, Pimlico",53.0,71.0,63.0,38.0,56.25,70.0,51.490962,-0.139625
"Gloucester Terrace, Bayswater",46.0,44.0,35.0,31.0,39.0,38.0,51.517919,-0.188098
"Godliman Street, St. Paul's",59.0,62.0,59.0,60.0,60.0,54.0,51.512484,-0.099141
"Golden Lane, Barbican",64.0,60.0,68.0,59.0,62.75,53.0,51.521747,-0.094475
"Golden Square, Soho",73.0,65.0,78.0,80.0,74.0,59.0,51.511897,-0.137043
"Goldsmith's Row, Haggerston",44.0,71.0,67.0,53.0,58.75,54.0,51.531864,-0.066035
"Good's Way, King's Cross",96.0,109.0,92.0,95.0,98.0,71.0,51.534667,-0.125078
"Goswell Road (City Uni), Finsbury",29.0,28.0,39.0,33.0,32.25,28.0,51.528246,-0.101026
"Grafton Street, Mayfair",42.0,26.0,22.0,31.0,30.25,17.0,51.509992,-0.143495
"Graham Street, Angel",48.0,57.0,50.0,55.0,52.5,52.0,51.532661,-0.099981
"Granby Street, Shoreditch",58.0,68.0,91.0,56.0,68.25,62.0,51.525645,-0.069543
"Grant Road East, Clapham Junction",46.0,36.0,56.0,38.0,44.0,36.0,51.464894,-0.173029
"Great Dover Street, The Borough",59.0,37.0,69.0,45.0,52.5,42.0,51.497382,-0.089446
"Great Percy Street, Clerkenwell",41.0,39.0,48.0,30.0,39.5,31.0,51.528915,-0.11548
"Great Russell Street, Bloomsbury",48.0,68.0,58.0,51.0,56.25,54.0,51.517727,-0.127854
"Great Suffolk Street, The Borough",46.0,28.0,37.0,33.0,36.0,27.0,51.501732,-0.100292
"Great Titchfield Street, Fitzrovia",54.0,50.0,44.0,47.0,48.75,44.0,51.520253,-0.141327
"Great Tower Street, Monument",133.0,119.0,123.0,131.0,126.5,93.0,51.510484,-0.082989
"Green Park Station, Mayfair",125.0,122.0,126.0,104.0,119.25,108.0,51.506613,-0.142844
"Green Street, Mayfair",103.0,93.0,108.0,92.0,99.0,72.0,51.512276,-0.157436
"Greenberry Street, St.John's Wood",23.0,15.0,19.0,14.0,17.75,15.0,51.53256,-0.16862
"Greenland Road, Camden Town",52.0,57.0,86.0,60.0,63.75,31.0,51.539099,-0.141728
"Grenfell Road, Avondale",16.0,17.0,22.0,18.0,18.25,18.0,51.5129,-0.214762
"Greycoat Street , Westminster",15.0,23.0,17.0,19.0,18.5,22.0,51.494591,-0.134234
"Greyhound Road, Hammersmith",54.0,58.0,50.0,44.0,51.5,46.0,51.486062,-0.214428
"Grosvenor Crescent, Belgravia",10.0,7.0,8.0,13.0,9.5,10.0,51.501352,-0.153194
"Grosvenor Road, Pimlico",35.0,35.0,25.0,36.0,32.75,44.0,51.485357,-0.142207
"Grosvenor Square, Mayfair",60.0,46.0,86.0,59.0,62.75,55.0,51.51217,-0.150481
"Grove End Road, St. John's Wood",59.0,38.0,41.0,26.0,41.0,37.0,51.530889,-0.17677
"Guildhouse Street, Victoria",37.0,39.0,43.0,42.0,40.25,23.0,51.492345,-0.141334
"Guilford Street , Bloomsbury",78.0,69.0,64.0,70.0,70.25,63.0,51.523346,-0.120202
"Gunmakers Lane, Old Ford",27.0,34.0,41.0,26.0,32.0,31.0,51.535179,-0.03338
"Gwendwr Road, West Kensington",29.0,31.0,33.0,33.0,31.5,29.0,51.491026,-0.209121
"Haggerston Road, Haggerston",64.0,64.0,73.0,74.0,68.75,55.0,51.539328,-0.074284
"Halford Road, West Kensington",46.0,43.0,35.0,33.0,39.25,54.0,51.483911,-0.197609
"Hammersmith Road, Hammersmith",50.0,64.0,81.0,54.0,62.25,58.0,51.493267,-0.21985
"Hampstead Road, Euston",62.0,67.0,58.0,67.0,63.5,51.0,51.525542,-0.138231
"Hampton Street, Walworth",58.0,53.0,54.0,57.0,55.5,50.0,51.49217,-0.101536
"Handyside Street, King's Cross",50.0,72.0,58.0,63.0,60.75,54.0,51.53724,-0.124807
"Hansard Mews, Holland Park",24.0,39.0,29.0,34.0,31.5,28.0,51.503802,-0.215808
"Harcourt Terrace, West Brompton",62.0,58.0,75.0,73.0,67.0,61.0,51.487958,-0.187404
"Hardwick Street, Clerkenwell",31.0,27.0,35.0,23.0,29.0,33.0,51.527842,-0.108068
"Harford Street, Mile End",21.0,33.0,16.0,17.0,21.75,30.0,51.521564,-0.039264
"Harper Road, The Borough",30.0,34.0,39.0,42.0,36.25,35.0,51.498597,-0.096191
"Harriet Street, Knightsbridge",65.0,44.0,109.0,54.0,68.0,55.0,51.500241,-0.15934
"Harrington Square 1, Camden Town",48.0,59.0,59.0,37.0,50.75,36.0,51.533019,-0.139174
"Harrowby Street, Marylebone",30.0,31.0,34.0,42.0,34.25,21.0,51.517372,-0.164207
"Hartington Road, Stockwell",61.0,56.0,56.0,35.0,52.0,45.0,51.47787,-0.126874
"Hatton Garden, Holborn",92.0,65.0,87.0,83.0,81.75,75.0,51.518825,-0.108028
"Hatton Wall, Holborn",76.0,93.0,78.0,98.0,86.25,74.0,51.521661,-0.109006
"Hawley Crescent, Camden Town",26.0,23.0,,20.0,23.0,18.0,51.541007,-0.14326
"Heath Road, Battersea",25.0,22.0,18.0,25.0,22.5,19.0,51.468669,-0.146544
"Here East North, Queen Elizabeth Olympic Park",24.0,15.0,20.0,16.0,18.75,24.0,51.548731,-0.022606
"Here East South, Queen Elizabeth Olympic Park",23.0,13.0,1.0,6.0,10.75,3.0,51.546532,-0.020597
"Hereford Road, Bayswater",54.0,62.0,39.0,39.0,48.5,34.0,51.513735,-0.193487
"Hermitage Court, Wapping",26.0,38.0,34.0,35.0,33.25,33.0,51.504719,-0.063531
"Heron Quays DLR, Canary Wharf",22.0,29.0,13.0,24.0,22.0,16.0,51.502661,-0.021596
"Hertford Road, De Beauvoir Town",50.0,38.0,44.0,59.0,47.75,42.0,51.537277,-0.079201
"Hewison Street, Old Ford",38.0,47.0,34.0,29.0,37.0,37.0,51.533283,-0.028155
"Hibbert Street, Battersea",76.0,74.0,60.0,40.0,62.5,54.0,51.46517,-0.180389
"High Holborn , Covent Garden",63.0,78.0,69.0,54.0,66.0,60.0,51.516226,-0.124826
"Hinde Street, Marylebone",76.0,69.0,79.0,78.0,75.5,59.0,51.516814,-0.151926
"Holborn Circus, Holborn",119.0,114.0,137.0,109.0,119.75,85.0,51.51795,-0.108657
"Holden Street, Battersea",23.0,18.0,17.0,22.0,20.0,21.0,51.46879,-0.15823
"Holland Park, Kensington",13.0,38.0,25.0,29.0,26.25,17.0,51.502319,-0.200742
"Hollybush Gardens, Bethnal Green",31.0,33.0,24.0,30.0,29.5,32.0,51.527607,-0.057133
"Holy Trinity Brompton, Knightsbridge",70.0,52.0,68.0,51.0,60.25,56.0,51.497056,-0.168917
"Hop Exchange, The Borough",193.0,194.0,189.0,195.0,192.75,181.0,51.504627,-0.091773
"Horseferry Road, Westminster",55.0,70.0,69.0,54.0,62.0,41.0,51.494816,-0.130458
"Hortensia Road, West Brompton",42.0,53.0,49.0,38.0,45.5,48.0,51.481765,-0.185273
"Houghton Street, Strand",37.0,24.0,44.0,30.0,33.75,23.0,51.51362,-0.116764
"Houndsditch, Aldgate",64.0,49.0,61.0,62.0,59.0,50.0,51.514449,-0.077178
"Howick Place, Westminster",77.0,74.0,83.0,75.0,77.25,70.0,51.496753,-0.138733
"Howland Street, Fitzrovia",83.0,93.0,85.0,70.0,82.75,54.0,51.520994,-0.139016
"Hoxton Station, Hoxton",51.0,38.0,57.0,51.0,49.25,50.0,51.531091,-0.075901
"Hoxton Street, Hoxton",39.0,27.0,24.0,21.0,27.75,18.0,51.52959,-0.0801
"Humbolt Road, Fulham",41.0,47.0,55.0,39.0,45.5,46.0,51.483217,-0.21186
"Hurlingham Park, Parsons Green",34.0,23.0,27.0,23.0,26.75,14.0,51.470131,-0.20464
"Hyde Park Corner, Hyde Park",393.0,305.0,445.0,384.0,381.75,270.0,51.503117,-0.15352
"Ilchester Gardens, Bayswater",77.0,55.0,50.0,53.0,58.75,40.0,51.51244,-0.19096
"Ilchester Place, Kensington",13.0,25.0,20.0,16.0,18.5,13.0,51.500743,-0.202759
"Imperial College, Knightsbridge",74.0,71.0,61.0,56.0,65.5,55.0,51.499428,-0.179702
"Imperial Road, Sands End",34.0,42.0,36.0,27.0,34.75,30.0,51.475142,-0.187278
"Imperial Wharf Station, Sands End",81.0,74.0,70.0,89.0,78.5,82.0,51.474665,-0.183165
"Import Dock, Canary Wharf",57.0,56.0,50.0,59.0,55.5,42.0,51.505772,-0.01646
"Ingrave Street, Clapham Junction",16.0,10.0,12.0,19.0,14.25,23.0,51.467454,-0.172293
"Irene Road, Parsons Green",46.0,27.0,28.0,19.0,30.0,30.0,51.473763,-0.19701
"Islington Green, Angel",122.0,98.0,111.0,83.0,103.5,97.0,51.536384,-0.102757
"Jewry Street, Aldgate",52.0,64.0,69.0,65.0,62.5,56.0,51.513406,-0.076793
"Jubilee Crescent, Cubitt Town",25.0,16.0,27.0,24.0,23.0,17.0,51.493381,-0.007542
"Jubilee Plaza, Canary Wharf",74.0,73.0,79.0,63.0,72.25,84.0,51.5034,-0.020242
"Jubilee Street, Stepney",49.0,38.0,43.0,35.0,41.25,19.0,51.515975,-0.053177
"Kennington Cross, Kennington",81.0,73.0,88.0,77.0,79.75,61.0,51.48894,-0.111435
"Kennington Lane Rail Bridge, Vauxhall",127.0,96.0,138.0,84.0,111.25,78.0,51.486343,-0.122492
"Kennington Oval, Oval",27.0,44.0,62.0,43.0,44.0,54.0,51.483145,-0.113134
"Kennington Road  , Vauxhall",46.0,28.0,43.0,47.0,41.0,50.0,51.495718,-0.110889
"Kennington Road Post Office, Oval",32.0,30.0,62.0,27.0,37.75,46.0,51.484788,-0.110683
"Kennington Station, Kennington",42.0,49.0,37.0,40.0,42.0,43.0,51.488852,-0.105593
"Kensington Church Street, Kensington",71.0,60.0,71.0,72.0,68.5,60.0,51.503157,-0.191496
"Kensington Gore, Knightsbridge",13.0,34.0,30.0,49.0,31.5,20.0,51.501432,-0.178656
"Kensington Olympia Station, Olympia",44.0,35.0,40.0,28.0,36.75,29.0,51.498157,-0.209494
"Kensington Town Hall, Kensington",22.0,23.0,26.0,35.0,26.5,23.0,51.501945,-0.194392
"Killick Street, King's Cross",15.0,22.0,23.0,17.0,19.25,12.0,51.5338,-0.118677
"King Edward Street, St Pauls",37.0,36.0,37.0,31.0,35.25,24.0,51.51601,-0.0985
"King Edward Walk, Waterloo",16.0,13.0,27.0,11.0,16.75,6.0,51.49775,-0.10988
"Kings Gate House, Westminster",39.0,41.0,40.0,37.0,39.25,37.0,51.497698,-0.137598
"Kingsway Southbound, Strand",50.0,45.0,60.0,47.0,50.5,32.0,51.513875,-0.117774
"Kingsway, Covent Garden",24.0,15.0,24.0,27.0,22.5,14.0,51.514409,-0.118478
"Knaresborough Place, Earl's Court",45.0,35.0,39.0,34.0,38.25,51.0,51.493631,-0.190603
"Knightsbridge, Hyde Park",67.0,58.0,31.0,80.0,59.0,58.0,51.502757,-0.155349
"LMU Commercial Road, Whitechapel",52.0,73.0,67.0,72.0,66.0,71.0,51.514924,-0.066078
"LSBU (Borough Road), Elephant & Castle",42.0,29.0,46.0,29.0,36.5,49.0,51.498744,-0.103132
"Ladbroke Grove Central, Ladbroke Grove",18.0,21.0,16.0,13.0,17.0,6.0,51.511624,-0.205921
"Lambeth North Station, Waterloo",33.0,36.0,25.0,45.0,34.75,34.0,51.49914,-0.112031
"Lambeth Palace Road, Waterloo",145.0,138.0,106.0,119.0,127.0,76.0,51.500089,-0.116628
"Lambeth Road, Vauxhall",44.0,46.0,34.0,41.0,41.25,33.0,51.494881,-0.117974
"Lancaster Drive, Blackwall",12.0,15.0,12.0,8.0,11.75,14.0,51.503143,-0.008428
"Lancaster Gate , Bayswater",46.0,54.0,98.0,89.0,71.75,55.0,51.511654,-0.179668
"Langdon Park, Poplar",8.0,15.0,6.0,12.0,10.25,2.0,51.51549,-0.013475
"Lansdowne Drive, Hackney Central",33.0,31.0,37.0,43.0,36.0,35.0,51.539834,-0.062806
"Lansdowne Road, Ladbroke Grove",45.0,43.0,46.0,41.0,43.75,42.0,51.507481,-0.205535
"Lansdowne Walk, Ladbroke Grove",13.0,18.0,6.0,20.0,14.25,14.0,51.509591,-0.204666
"Lavington Street, Bankside",40.0,65.0,58.0,49.0,53.0,52.0,51.505224,-0.098031
"Lee Valley VeloPark, Queen Elizabeth Olympic Park",24.0,9.0,30.0,,21.0,,51.549369,-0.015717
"Leman Street, Aldgate",94.0,66.0,85.0,100.0,86.25,85.0,51.512363,-0.069542
"Leonard Circus , Shoreditch",77.0,105.0,100.0,91.0,93.25,65.0,51.524696,-0.084439
"Lexham Gardens, Kensington",51.0,38.0,60.0,45.0,48.5,37.0,51.495866,-0.191933
"Lightermans Road, Millwall",28.0,24.0,22.0,35.0,27.25,35.0,51.499041,-0.020157
"Limburg Road, Clapham Junction",18.0,23.0,18.0,17.0,19.0,17.0,51.461923,-0.165297
"Limerston Street, West Chelsea",118.0,104.0,127.0,110.0,114.75,108.0,51.485587,-0.18119
"Lincoln's Inn Fields, Holborn",49.0,40.0,45.0,30.0,41.0,41.0,51.516277,-0.118272
"Lisson Grove, St. John's Wood",28.0,29.0,23.0,20.0,25.0,28.0,51.526448,-0.17219
"Little Argyll Street, West End",173.0,152.0,131.0,136.0,148.0,128.0,51.514499,-0.141423
"Little Brook Green, Brook Green",40.0,37.0,27.0,32.0,34.0,28.0,51.496664,-0.223868
"Liverpool Road (N1 Centre), Angel",65.0,79.0,58.0,56.0,64.5,55.0,51.534504,-0.106992
"Lollard Street, Vauxhall",50.0,43.0,61.0,62.0,54.0,45.0,51.49288,-0.114934
"London Fields, Hackney Central",100.0,133.0,138.0,118.0,122.25,132.0,51.54119,-0.058826
"London Street, Paddington",114.0,115.0,59.0,96.0,96.0,70.0,51.515117,-0.173712
"London Zoo Car Park, The Regent's Park",25.0,39.0,25.0,30.0,29.75,20.0,51.536922,-0.150181
"London Zoo,  The Regent's Park",18.0,38.0,13.0,28.0,24.25,18.0,51.535836,-0.156285
"Long Lane , Bermondsey",55.0,53.0,61.0,49.0,54.5,32.0,51.499075,-0.085666
"Longford Street, The Regent's Park",18.0,24.0,24.0,15.0,20.25,35.0,51.525595,-0.144083
"Lord's, St. John's Wood",12.0,29.0,27.0,19.0,21.75,19.0,51.529121,-0.171185
"Lots Road, West Chelsea",43.0,32.0,45.0,29.0,37.25,32.0,51.479573,-0.179038
"Lower Marsh, Waterloo",69.0,49.0,48.0,46.0,53.0,43.0,51.500139,-0.113936
"Lower Thames Street, Monument",72.0,48.0,47.0,45.0,53.0,36.0,51.509301,-0.084985
"Macclesfield Rd, St Lukes",77.0,62.0,80.0,69.0,72.0,83.0,51.529423,-0.097122
"Maida Vale, Maida Vale",61.0,80.0,68.0,35.0,61.0,70.0,51.529857,-0.183486
"Malet Street, Bloomsbury",90.0,76.0,66.0,54.0,71.5,64.0,51.52168,-0.130431
"Mallory Street, Marylebone",22.0,20.0,29.0,29.0,25.0,21.0,51.525051,-0.166304
"Malmesbury Road, Bow",18.0,13.0,5.0,12.0,12.0,11.0,51.529452,-0.027616
"Manbre Road, Hammersmith",22.0,22.0,35.0,22.0,25.25,19.0,51.485743,-0.223616
"Manresa Road, Chelsea",50.0,49.0,47.0,49.0,48.75,49.0,51.486892,-0.170983
"Maplin Street, Mile End",77.0,93.0,85.0,95.0,87.5,74.0,51.525501,-0.032267
"Margery Street, Clerkenwell",38.0,35.0,34.0,45.0,38.0,35.0,51.526599,-0.112432
"Marloes Road, Kensington",23.0,27.0,22.0,18.0,22.5,24.0,51.496481,-0.192404
"Marylebone Lane, Marylebone",81.0,76.0,72.0,63.0,73.0,71.0,51.514759,-0.148105
"Merchant Street, Bow",19.0,25.0,18.0,22.0,21.0,21.0,51.526578,-0.027581
"Mexfield Road, East Putney",14.0,9.0,13.0,8.0,11.0,10.0,51.45682,-0.202802
"Michael Road, Walham Green",36.0,31.0,21.0,30.0,29.5,25.0,51.477276,-0.18921
"Mile End Park Leisure Centre, Mile End",55.0,25.0,57.0,17.0,38.5,62.0,51.520597,-0.032566
"Mile End Stadium, Mile End",47.0,59.0,52.0,44.0,50.5,40.0,51.518541,-0.034903
"Millbank Tower, Pimlico",50.0,61.0,61.0,70.0,60.5,60.0,51.491884,-0.125674
"Millharbour, Millwall",9.0,16.0,17.0,13.0,13.75,3.0,51.496137,-0.019355
"Milroy Walk, South Bank",63.0,53.0,69.0,58.0,60.75,55.0,51.507244,-0.106237
"Monier Road, Hackney Wick",50.0,46.0,56.0,35.0,46.75,48.0,51.540311,-0.02163
"Montpelier Street, Knightsbridge",66.0,78.0,90.0,67.0,75.25,60.0,51.498884,-0.165471
"Montserrat Road , Putney",11.0,17.0,14.0,14.0,14.0,15.0,51.463211,-0.21555
"Monument Street, Monument",91.0,77.0,72.0,75.0,78.75,60.0,51.50964,-0.08497
"Moor Street, Soho",108.0,109.0,129.0,98.0,111.0,86.0,51.513527,-0.13011
"Moorfields, Moorgate",99.0,45.0,99.0,67.0,77.5,74.0,51.519069,-0.088285
"Morie Street, Wandsworth",12.0,16.0,13.0,16.0,14.25,18.0,51.459953,-0.190184
"Mostyn Grove, Bow",42.0,30.0,43.0,19.0,33.5,36.0,51.530535,-0.025492
"Mudchute DLR, Cubitt Town",16.0,14.0,17.0,7.0,13.5,5.0,51.490645,-0.014582
"Murray Grove , Hoxton",50.0,38.0,54.0,49.0,47.75,55.0,51.53089,-0.089782
"Museum of London, Barbican",85.0,83.0,112.0,79.0,89.75,80.0,51.517821,-0.096496
"Nantes Close, Wandsworth",16.0,28.0,17.0,16.0,19.25,7.0,51.46193,-0.180791
"Napier Avenue, Millwall",15.0,14.0,13.0,20.0,15.5,14.0,51.487679,-0.021582
"Natural History Museum, South Kensington",48.0,62.0,61.0,48.0,54.75,49.0,51.495592,-0.179077
"Naval Row, Blackwall",18.0,24.0,20.0,21.0,20.75,23.0,51.508981,-0.00699
"Nesham Street, Wapping",86.0,95.0,80.0,85.0,86.5,80.0,51.507131,-0.06691
"Nevern Place, Earl's Court",28.0,24.0,28.0,26.0,26.5,39.0,51.493343,-0.194757
"Neville Gill Close, Wandsworth",31.0,33.0,33.0,23.0,30.0,17.0,51.454752,-0.195197
"New Cavendish Street, Marylebone",71.0,62.0,73.0,69.0,68.75,58.0,51.519167,-0.147983
"New Fetter Lane, Holborn",92.0,89.0,87.0,85.0,88.25,59.0,51.517428,-0.107987
"New Globe Walk, Bankside",45.0,50.0,53.0,47.0,48.75,33.0,51.507385,-0.09644
"New Inn Yard, Shoreditch",63.0,59.0,59.0,62.0,60.75,61.0,51.524526,-0.079248
"New Kent Road, The Borough",42.0,29.0,42.0,32.0,36.25,42.0,51.494436,-0.092921
"New North Road 2, Hoxton",17.0,18.0,12.0,16.0,15.75,22.0,51.53114,-0.086016
"New Road 1 , Whitechapel",67.0,78.0,71.0,90.0,76.5,59.0,51.518154,-0.062697
"New Spring Gardens Walk, Vauxhall",34.0,25.0,28.0,30.0,29.25,19.0,51.487807,-0.122759
"Newby Place, Poplar",9.0,10.0,7.0,15.0,10.25,10.0,51.508896,-0.012413
"Newgate Street , St. Paul's",119.0,89.0,93.0,100.0,100.25,90.0,51.515418,-0.09885
"Newton Street, Covent Garden",44.0,37.0,39.0,35.0,38.75,31.0,51.516128,-0.120909
"Normand Park, West Kensington",77.0,69.0,70.0,60.0,69.0,65.0,51.484386,-0.204815
"Normandy Road, Stockwell",47.0,66.0,40.0,36.0,47.25,44.0,51.473874,-0.11258
"North Audley Street, Mayfair",59.0,59.0,79.0,67.0,66.0,65.0,51.512911,-0.153645
"North Wharf Road, Paddington",68.0,75.0,59.0,59.0,65.25,46.0,51.518622,-0.176645
"Northdown Street, King's Cross",34.0,41.0,29.0,28.0,33.0,19.0,51.531066,-0.11934
"Northfields, Wandsworth",24.0,14.0,20.0,10.0,17.0,14.0,51.460951,-0.200667
"Northington Street , Holborn",61.0,69.0,53.0,61.0,61.0,50.0,51.522264,-0.114079
"Northumberland Avenue, Strand",93.0,104.0,68.0,73.0,84.5,58.0,51.506767,-0.123702
"Norton Folgate, Liverpool Street",46.0,50.0,57.0,53.0,51.5,46.0,51.521113,-0.078869
"Notting Hill Gate Station, Notting Hill",118.0,77.0,100.0,93.0,97.0,98.0,51.509353,-0.196422
"Nutford Place, Marylebone",24.0,46.0,43.0,29.0,35.5,36.0,51.516517,-0.164393
"Old Brompton Road, South Kensington",54.0,49.0,74.0,60.0,59.25,51.0,51.490945,-0.18119
"Old Ford Road, Bethnal Green",30.0,32.0,38.0,50.0,37.5,23.0,51.531127,-0.048017
"Old Montague Street, Whitechapel",54.0,58.0,50.0,63.0,56.25,50.0,51.51793,-0.067937
"Old Quebec Street, Marylebone",103.0,125.0,144.0,120.0,123.0,100.0,51.514577,-0.158264
"Old Street Station, St. Luke's",107.0,113.0,123.0,119.0,115.5,115.0,51.52548,-0.089659
"Ontario Street, Elephant & Castle",52.0,54.0,44.0,44.0,48.5,46.0,51.49652,-0.101384
"Orbel Street, Battersea",38.0,20.0,49.0,15.0,30.5,28.0,51.474535,-0.17021
"Ormonde Gate, Chelsea",66.0,22.0,35.0,37.0,40.0,48.0,51.487964,-0.161765
"Orsett Terrace, Bayswater",18.0,13.0,16.0,18.0,16.25,20.0,51.517932,-0.183716
"Osiers Road, Wandsworth",38.0,41.0,34.0,17.0,32.5,32.0,51.46067,-0.198735
"Ossulston Street, Somers Town",73.0,57.0,57.0,69.0,64.0,38.0,51.5293,-0.128279
"Oxford Road, Putney",6.0,16.0,12.0,10.0,11.0,11.0,51.460792,-0.212607
"Paddington Green, Paddington",7.0,14.0,7.0,8.0,9.0,10.0,51.520205,-0.174593
"Paddington Street, Marylebone",44.0,49.0,79.0,36.0,52.0,,51.520583,-0.154701
"Page Street, Westminster",78.0,70.0,87.0,84.0,79.75,68.0,51.493978,-0.127554
"Palace Gardens Terrace, Notting Hill",72.0,64.0,57.0,50.0,60.75,48.0,51.508605,-0.193764
"Palace Gate, Kensington Gardens",141.0,145.0,135.0,45.0,116.5,68.0,51.502042,-0.1844
"Palissy Street, Shoreditch",41.0,31.0,31.0,33.0,34.0,24.0,51.526293,-0.073955
"Pall Mall East, West End",118.0,97.0,105.0,87.0,101.75,86.0,51.50777,-0.130699
"Pancras Road, King's Cross",45.0,37.0,36.0,41.0,39.75,37.0,51.534123,-0.129386
"Panton Street, West End",113.0,81.0,125.0,99.0,104.5,96.0,51.509639,-0.13151
"Park Lane , Hyde Park",112.0,171.0,185.0,170.0,159.5,48.0,51.510017,-0.157275
"Park Lane, Mayfair",41.0,30.0,36.0,40.0,36.75,26.0,51.505426,-0.150817
"Park Road (Baker Street), The Regent's Park",81.0,96.0,96.0,66.0,84.75,60.0,51.524517,-0.158963
"Park Street, Bankside",36.0,52.0,54.0,38.0,45.0,38.0,51.505974,-0.092754
"Parkway, Camden Town",52.0,49.0,37.0,27.0,41.25,25.0,51.538071,-0.144664
"Parson's Green , Parson's Green",59.0,70.0,56.0,50.0,58.75,48.0,51.472817,-0.199783
"Parsons Green Station, Parsons Green",72.0,63.0,84.0,55.0,68.5,50.0,51.475089,-0.201968
"Pembridge Villas, Notting Hill",26.0,37.0,37.0,39.0,34.75,28.0,51.511084,-0.197524
"Penfold Street, Marylebone",18.0,19.0,13.0,18.0,17.0,20.0,51.522892,-0.171681
"Penywern Road, Earl's Court",60.0,68.0,69.0,66.0,65.75,64.0,51.491593,-0.192369
"Percival Street, Finsbury",39.0,47.0,38.0,35.0,39.75,34.0,51.526153,-0.102208
"Peterborough Road, Sands End",19.0,19.0,20.0,27.0,21.25,15.0,51.46904,-0.196274
"Phene Street, Chelsea",70.0,60.0,66.0,63.0,64.75,64.0,51.484984,-0.167919
"Phillimore Gardens, Kensington",65.0,58.0,68.0,82.0,68.25,70.0,51.499606,-0.197574
"Philpot Street, Whitechapel",46.0,57.0,51.0,41.0,48.75,35.0,51.515256,-0.058641
"Pindar Street, Liverpool Street",31.0,30.0,41.0,32.0,33.5,23.0,51.520955,-0.083493
"Pitfield Street Central, Hoxton",41.0,28.0,40.0,39.0,37.0,40.0,51.53213,-0.08299
"Pitfield Street North,Hoxton",79.0,84.0,105.0,97.0,91.25,97.0,51.53558,-0.08249
"Plough Terrace, Clapham Junction",26.0,26.0,15.0,38.0,26.25,22.0,51.462305,-0.175407
"Podium, Queen Elizabeth Olympic Park",46.0,61.0,50.0,53.0,52.5,38.0,51.538718,-0.011889
"Pont Street, Knightsbridge",51.0,45.0,70.0,44.0,52.5,41.0,51.496886,-0.161203
"Porchester Place, Paddington",114.0,65.0,68.0,71.0,79.5,72.0,51.514746,-0.165164
"Portland Place, Marylebone",55.0,73.0,39.0,44.0,52.75,51.0,51.520715,-0.145211
"Portman Square, Marylebone",69.0,53.0,67.0,42.0,57.75,56.0,51.516204,-0.155525
"Pott Street, Bethnal Green",59.0,48.0,72.0,52.0,57.75,63.0,51.527152,-0.058005
"Poured Lines, Bankside",59.0,30.0,43.0,34.0,41.5,24.0,51.506692,-0.103137
"Preston's Road, Cubitt Town",15.0,22.0,27.0,21.0,21.25,10.0,51.499286,-0.009152
"Prince Albert Road, The Regent's Park",51.0,51.0,51.0,48.0,50.25,36.0,51.535892,-0.160854
"Prince Consort Road, Knightsbridge",32.0,25.0,30.0,24.0,27.75,36.0,51.499806,-0.176415
"Prince of Wales Drive, Battersea Park",56.0,40.0,39.0,50.0,46.25,46.0,51.475153,-0.159169
"Princedale Road , Holland Park",27.0,44.0,35.0,31.0,34.25,34.0,51.506465,-0.208486
"Princes Square, Bayswater",46.0,37.0,30.0,28.0,35.25,26.0,51.513489,-0.191351
"Pritchard's Road, Bethnal Green",82.0,79.0,81.0,74.0,79.0,59.0,51.532091,-0.06142
"Putney Bridge Road, East Putney",12.0,12.0,15.0,21.0,15.0,15.0,51.461999,-0.20624
"Putney Bridge Station, Fulham",24.0,37.0,27.0,25.0,28.25,26.0,51.468814,-0.210279
"Putney Pier, Wandsworth",44.0,27.0,38.0,33.0,35.5,31.0,51.466907,-0.216573
"Putney Rail Station, Putney",19.0,18.0,22.0,16.0,18.75,16.0,51.460717,-0.216526
"Queen Mary's, Mile End",54.0,48.0,43.0,57.0,50.5,36.0,51.522507,-0.041378
"Queen Mother Sports Centre, Victoria",75.0,71.0,74.0,62.0,70.5,83.0,51.493573,-0.139956
"Queen Street 1, Bank",127.0,123.0,117.0,97.0,116.0,99.0,51.511553,-0.09294
"Queen Street 2, Bank",189.0,206.0,170.0,154.0,179.75,139.0,51.511246,-0.093051
"Queen Victoria Street, St. Paul's",74.0,73.0,78.0,87.0,78.0,61.0,51.511961,-0.097441
"Queen's Circus, Battersea Park",80.0,91.0,95.0,90.0,89.0,71.0,51.477619,-0.149551
"Queen's Gate (Central), South Kensington",47.0,26.0,32.0,25.0,32.5,42.0,51.493967,-0.178732
"Queen's Gate (North), Kensington",50.0,67.0,67.0,59.0,60.75,66.0,51.501026,-0.180246
"Queen's Gate (South), South Kensington",71.0,59.0,80.0,51.0,65.25,50.0,51.492479,-0.178433
"Queen's Gate, Kensington Gardens",125.0,113.0,98.0,149.0,121.25,75.0,51.501715,-0.179854
"Queensbridge Road, Haggerston",16.0,39.0,23.0,31.0,27.25,24.0,51.53385,-0.06992
"Queensdale Road, Shepherd's Bush",22.0,17.0,27.0,17.0,20.75,18.0,51.50659,-0.216104
"Queensway, Kensington Gardens",167.0,131.0,69.0,86.0,113.25,78.0,51.51031,-0.187402
"Rainville Road, Hammersmith",33.0,33.0,22.0,26.0,28.5,23.0,51.483732,-0.223852
"Ram Street, Wandsworth",52.0,57.0,71.0,49.0,57.25,43.0,51.457529,-0.192165
"Rampayne Street, Pimlico",75.0,64.0,79.0,61.0,69.75,83.0,51.489975,-0.132845
"Ranelagh Gardens, Fulham",35.0,21.0,22.0,29.0,26.75,25.0,51.467601,-0.206827
"Rathbone Street, Fitzrovia",40.0,45.0,36.0,44.0,41.25,34.0,51.518162,-0.135025
"Ravenscourt Park Station, Hammersmith",48.0,50.0,42.0,46.0,46.5,45.0,51.494223,-0.236769
"Reardon Street, Wapping",37.0,54.0,46.0,29.0,41.5,35.0,51.506946,-0.058681
"Rectory Square, Stepney",27.0,29.0,31.0,22.0,27.25,31.0,51.518369,-0.043371
"Red Lion Square, Holborn",38.0,36.0,34.0,45.0,38.25,38.0,51.519435,-0.119123
"Red Lion Street, Holborn",87.0,97.0,74.0,57.0,78.75,56.0,51.51824,-0.11655
"Regency Street, Westminster",49.0,55.0,40.0,51.0,48.75,29.0,51.49206,-0.132224
"Richmond Way, Shepherd's Bush",39.0,37.0,53.0,45.0,43.5,34.0,51.500353,-0.217515
"Rifle Place, Avondale",14.0,13.0,17.0,16.0,15.0,28.0,51.509224,-0.216016
"Risinghill Street, Angel",36.0,16.0,20.0,16.0,22.0,13.0,51.533319,-0.111781
"River Street , Clerkenwell",29.0,32.0,29.0,26.0,29.0,22.0,51.529163,-0.10997
"Riverlight North, Nine Elms",59.0,71.0,69.0,84.0,70.75,81.0,51.482362,-0.136123
"Riverlight South, Nine Elms",64.0,61.0,66.0,58.0,62.25,42.0,51.481335,-0.138212
"Rochester Row, Westminster",35.0,44.0,55.0,21.0,38.75,39.0,51.495827,-0.135478
"Rodney Road , Walworth",48.0,46.0,49.0,45.0,47.0,39.0,51.491484,-0.09022
"Roscoe Street, St. Luke's",48.0,25.0,43.0,41.0,39.25,51.0,51.522954,-0.094934
"Rotherhithe Roundabout, Rotherhithe",28.0,42.0,32.0,34.0,34.0,32.0,51.499169,-0.055846
"Royal Avenue 1, Chelsea",35.0,31.0,34.0,26.0,31.5,25.0,51.489932,-0.162727
"Royal Avenue 2, Chelsea",64.0,57.0,47.0,41.0,52.25,55.0,51.490083,-0.162418
"Royal College Street, Camden Town",37.0,23.0,49.0,22.0,32.75,30.0,51.536264,-0.133952
"Royal London Hospital, Whitechapel",95.0,122.0,108.0,98.0,105.75,87.0,51.518675,-0.06111
"Russell Gardens, Olympia",18.0,26.0,22.0,18.0,21.0,21.0,51.500088,-0.211316
"Russell Square Station, Bloomsbury",79.0,65.0,74.0,65.0,70.75,54.0,51.523418,-0.124121
"Sackville Street, Mayfair",55.0,56.0,69.0,52.0,58.0,56.0,51.510048,-0.138846
"Sadlers Sports Centre, Finsbury",62.0,51.0,63.0,45.0,55.25,47.0,51.524868,-0.099489
"Sail Street, Vauxhall",27.0,33.0,32.0,17.0,27.25,28.0,51.495656,-0.114605
"Salmon Lane, Limehouse",53.0,40.0,56.0,49.0,49.5,43.0,51.514115,-0.033828
"Saltoun Road, Brixton",54.0,41.0,27.0,54.0,44.0,30.0,51.460232,-0.115375
"Sancroft Street, Vauxhall",23.0,33.0,24.0,27.0,26.75,30.0,51.489479,-0.115156
"Sandilands Road, Walham Green",57.0,45.0,37.0,43.0,45.5,45.0,51.473611,-0.191803
"Santos Road, Wandsworth",8.0,8.0,8.0,9.0,8.25,6.0,51.457059,-0.200806
"Sardinia Street, Holborn",35.0,28.0,44.0,37.0,36.0,35.0,51.515208,-0.117863
"Saunders Ness Road, Cubitt Town",36.0,23.0,16.0,45.0,30.0,15.0,51.487129,-0.009001
"Scala Street, Fitzrovia",48.0,46.0,47.0,49.0,47.5,39.0,51.519914,-0.136039
"Sea Containers, South Bank",91.0,104.0,83.0,81.0,89.75,82.0,51.508033,-0.106823
"Sedding Street, Sloane Square",114.0,88.0,91.0,65.0,89.5,87.0,51.49313,-0.156876
"Selby Street, Whitechapel",42.0,47.0,29.0,44.0,40.5,29.0,51.521905,-0.063386
"Serpentine Car Park, Hyde Park",178.0,202.0,211.0,162.0,188.25,83.0,51.505014,-0.17306
"Seville Street, Knightsbridge",88.0,60.0,,37.0,61.666666666666664,97.0,51.501855,-0.159237
"Seymour Place, Marylebone",31.0,52.0,43.0,30.0,39.0,40.0,51.520331,-0.163667
"Shadwell Station, Shadwell",36.0,69.0,53.0,47.0,51.25,50.0,51.511088,-0.057159
"Sheepcote Lane, Battersea",32.0,37.0,47.0,27.0,35.75,21.0,51.470538,-0.163041
"Shepherd's Bush Road North, Shepherd's Bush",38.0,39.0,44.0,34.0,38.75,51.0,51.501594,-0.222293
"Shoreditch Court, Haggerston",35.0,43.0,48.0,30.0,39.0,26.0,51.539083,-0.070329
"Shoreditch High Street, Shoreditch",98.0,127.0,115.0,95.0,108.75,73.0,51.526377,-0.07813
"Shoreditch Park, Hoxton",51.0,57.0,54.0,52.0,53.5,62.0,51.534042,-0.086379
"Shouldham Street, Marylebone",50.0,42.0,58.0,43.0,48.25,32.0,51.51809,-0.163609
"Sidney Road, Stockwell",25.0,32.0,29.0,27.0,28.25,32.0,51.469202,-0.119022
"Silverthorne Road, Battersea",35.0,42.0,35.0,26.0,34.5,32.0,51.472865,-0.148059
"Simpson Street, Clapham Junction",62.0,61.0,59.0,67.0,62.25,57.0,51.470847,-0.170703
"Sirdar Road, Avondale",11.0,9.0,13.0,11.0,11.0,19.0,51.510928,-0.214594
"Sloane Avenue, Knightsbridge",90.0,86.0,101.0,94.0,92.75,87.0,51.493184,-0.167894
"Smith Square, Westminster",58.0,40.0,52.0,42.0,48.0,55.0,51.495805,-0.127575
"Smugglers Way, Wandsworth",21.0,30.0,36.0,31.0,29.5,22.0,51.461083,-0.191722
"Snow Hill, Farringdon",47.0,49.0,44.0,38.0,44.5,41.0,51.517334,-0.103604
"Snowsfields, London Bridge",62.0,76.0,69.0,75.0,70.5,70.0,51.502153,-0.083632
"Soho Square , Soho",165.0,160.0,149.0,147.0,155.25,88.0,51.515631,-0.132328
"Somerset House, Strand",77.0,106.0,72.0,88.0,85.75,80.0,51.509943,-0.117619
"Sopwith Way, Battersea Park",86.0,84.0,73.0,52.0,73.75,53.0,51.481121,-0.149035
"South Audley Street, Mayfair",32.0,19.0,24.0,27.0,25.5,24.0,51.50923,-0.151289
"South Kensington Station, South Kensington",109.0,97.0,103.0,100.0,102.25,104.0,51.494412,-0.173881
"South Lambeth Road, Vauxhall",67.0,47.0,60.0,66.0,60.0,58.0,51.481747,-0.124642
"South Parade, Chelsea",39.0,44.0,44.0,34.0,40.25,33.0,51.48902,-0.17524
"South Park, Sands End",42.0,33.0,37.0,45.0,39.25,20.0,51.467064,-0.193502
"South Quay East, Canary Wharf",8.0,17.0,9.0,12.0,11.5,6.0,51.50196,-0.016251
"South Wharf Road, Paddington",72.0,84.0,82.0,67.0,76.25,55.0,51.517335,-0.17581
"Southampton Place, Holborn",44.0,59.0,56.0,41.0,50.0,47.0,51.517606,-0.121328
"Southampton Street, Strand",42.0,87.0,78.0,67.0,68.5,39.0,51.510701,-0.121723
"Southern Grove, Bow",19.0,30.0,32.0,32.0,28.25,30.0,51.523538,-0.030556
"Southerton Road, Hammersmith",46.0,39.0,40.0,34.0,39.75,36.0,51.494499,-0.228188
"Southwark Station 1, Southwark",67.0,66.0,73.0,58.0,66.0,35.0,51.504043,-0.105312
"Southwark Station 2, Southwark",34.0,42.0,40.0,42.0,39.5,27.0,51.504044,-0.104778
"Southwark Street, Bankside",34.0,35.0,43.0,35.0,36.75,29.0,51.505409,-0.098341
"Southwick Street, Paddington",39.0,30.0,30.0,29.0,32.0,33.0,51.515953,-0.169249
"Spanish Road, Clapham Junction",17.0,9.0,10.0,9.0,11.25,15.0,51.459225,-0.180884
"Spencer Park, Wandsworth Common",12.0,13.0,10.0,10.0,11.25,12.0,51.45787,-0.174691
"Spindrift Avenue, Millwall",18.0,16.0,21.0,12.0,16.75,12.0,51.49109,-0.018716
"St John's Crescent, Brixton",10.0,25.0,19.0,23.0,19.25,21.0,51.466232,-0.113179
"St Martins Close, Camden Town",23.0,15.0,16.0,21.0,18.75,14.0,51.538792,-0.138535
"St Mary's Hospital, Paddington",90.0,96.0,94.0,86.0,91.5,53.0,51.518268,-0.171103
"St. Bride Street, Holborn",70.0,34.0,71.0,52.0,56.75,40.0,51.515059,-0.105344
"St. Chad's Street, King's Cross",27.0,36.0,27.0,26.0,29.0,29.0,51.530059,-0.120973
"St. George Street, Mayfair",63.0,43.0,53.0,49.0,52.0,53.0,51.51196,-0.142783
"St. George's Square, Pimlico",63.0,57.0,64.0,43.0,56.75,2.0,51.488226,-0.135635
"St. James's Square, St. James's",191.0,134.0,182.0,141.0,162.0,110.0,51.507424,-0.134621
"St. John Street, Finsbury",20.0,32.0,27.0,23.0,25.5,19.0,51.52836,-0.104724
"St. John's Park, Cubitt Town",15.0,13.0,13.0,13.0,13.5,16.0,51.496454,-0.009506
"St. John's Road, Clapham Junction",46.0,53.0,52.0,50.0,50.25,38.0,51.462392,-0.168292
"St. John's Wood Church, The Regent's Park",35.0,57.0,23.0,50.0,41.25,35.0,51.530529,-0.167515
"St. John's Wood Road, St. John's Wood",35.0,36.0,35.0,60.0,41.5,37.0,51.527294,-0.174653
"St. Katharine's Way, Tower",52.0,60.0,49.0,41.0,50.5,33.0,51.505697,-0.070542
"St. Luke's Church, Chelsea",59.0,40.0,53.0,56.0,52.0,43.0,51.489716,-0.170194
"St. Mark's Road, North Kensington",28.0,27.0,33.0,35.0,30.75,38.0,51.51687,-0.213872
"St. Martin's Street, West End",42.0,55.0,42.0,40.0,44.75,43.0,51.509087,-0.129697
"St. Mary & St. Michael Church, Stepney",14.0,13.0,13.0,15.0,13.75,24.0,51.51417,-0.052099
"St. Mary Axe, Aldgate",64.0,45.0,52.0,40.0,50.25,53.0,51.514225,-0.08066
"St. Peter's Terrace, Fulham",43.0,48.0,39.0,45.0,43.75,33.0,51.478939,-0.208485
"Stamford Street, South Bank",45.0,51.0,52.0,52.0,50.0,45.0,51.505569,-0.111606
"Stanhope Gate, Mayfair",42.0,27.0,26.0,39.0,33.5,32.0,51.506864,-0.150666
"Stanley Grove, Battersea",31.0,20.0,22.0,26.0,24.75,27.0,51.470475,-0.15213
"Star Road, West Kensington",43.0,31.0,39.0,31.0,36.0,29.0,51.487244,-0.205279
"Stebondale Street, Cubitt Town",13.0,8.0,29.0,8.0,14.5,20.0,51.489096,-0.009205
"Stephendale Road, Sands End",59.0,60.0,78.0,57.0,63.5,60.0,51.46822,-0.190346
"Stepney Green Station, Stepney",66.0,69.0,79.0,63.0,69.25,72.0,51.521889,-0.04667
"Stewart's Road, Wandsworth Road",25.0,21.0,32.0,16.0,23.5,21.0,51.473116,-0.137235
"Store Street, Bloomsbury",79.0,65.0,65.0,63.0,68.0,42.0,51.519572,-0.13214
"Strand, Strand",69.0,51.0,65.0,65.0,62.5,54.0,51.512582,-0.115057
"Strata, Elephant & Castle",108.0,95.0,115.0,102.0,105.0,96.0,51.493146,-0.099828
"Stratford Station, Stratford",44.0,74.0,50.0,57.0,56.25,36.0,51.541793,-0.00481
"Sugden Road, Clapham",39.0,30.0,36.0,30.0,33.75,35.0,51.465123,-0.157788
"Sumner Place, South Kensington",45.0,45.0,38.0,36.0,41.0,31.0,51.491211,-0.173715
"Sun Street, Liverpool Street",65.0,56.0,64.0,57.0,60.5,54.0,51.520009,-0.083935
"Surrey Lane, Battersea",46.0,43.0,38.0,50.0,44.25,36.0,51.47518,-0.16716
"Sutton Street, Shadwell",88.0,72.0,86.0,69.0,78.75,60.0,51.511066,-0.053558
"Swan Street, The Borough",48.0,50.0,42.0,31.0,42.75,34.0,51.500296,-0.092762
"Tachbrook Street, Victoria",51.0,49.0,58.0,39.0,49.25,39.0,51.492111,-0.138364
"Tallis Street, Temple",57.0,46.0,39.0,54.0,49.0,31.0,51.511891,-0.107349
"Tanner Street, Bermondsey",59.0,60.0,52.0,64.0,58.75,62.0,51.500647,-0.0786
"Tate Modern, Bankside",61.0,58.0,83.0,50.0,63.0,41.0,51.506725,-0.098807
"Tavistock Place, Bloomsbury",50.0,31.0,48.0,45.0,43.5,39.0,51.52625,-0.123509
"Tavistock Street, Covent Garden",93.0,98.0,59.0,85.0,83.75,69.0,51.511968,-0.120718
"Taviton Street, Bloomsbury",56.0,62.0,78.0,43.0,59.75,43.0,51.52505,-0.131161
"Temple Gardens, Temple",86.0,88.0,74.0,86.0,83.5,63.0,51.510981,-0.108322
"Teversham Lane, Stockwell",19.0,31.0,30.0,28.0,27.0,27.0,51.476149,-0.123258
"Teviot Street, Poplar",4.0,6.0,13.0,6.0,7.25,11.0,51.518811,-0.011662
"The Guildhall, Guildhall",32.0,37.0,27.0,29.0,31.25,26.0,51.515735,-0.09308
"The Metropolitan, Portobello",47.0,25.0,37.0,35.0,36.0,37.0,51.520509,-0.200804
"The Tennis Courts, The Regent's Park",49.0,62.0,50.0,76.0,59.25,45.0,51.525367,-0.153463
"The Vale, Chelsea",68.0,56.0,58.0,71.0,63.25,69.0,51.485121,-0.174971
"Theobald's Road , Holborn",71.0,61.0,61.0,58.0,62.75,62.0,51.520596,-0.116688
"Thorndike Close, West Chelsea",44.0,18.0,30.0,33.0,31.25,37.0,51.480898,-0.183853
"Timber Lodge, Queen Elizabeth Olympic Park",32.0,64.0,39.0,73.0,52.0,59.0,51.546805,-0.014691
"Tooley Street, Bermondsey",167.0,83.0,194.0,127.0,142.75,147.0,51.503493,-0.07962
"Torrens Street, Angel",44.0,30.0,25.0,45.0,36.0,24.0,51.532199,-0.10548
"Tower Gardens , Tower",74.0,82.0,186.0,116.0,114.5,108.0,51.509506,-0.075459
"Tower Wharf, Bermondsey",52.0,56.0,64.0,43.0,53.75,47.0,51.500845,-0.074704
"Trebovir Road, Earl's Court",37.0,50.0,49.0,35.0,42.75,49.0,51.490853,-0.19617
"Triangle Car Park, Hyde Park",168.0,209.0,193.0,180.0,187.5,102.0,51.506451,-0.170279
"Turquoise Island, Notting Hill",59.0,66.0,49.0,36.0,52.5,55.0,51.514311,-0.200838
"Twig Folly Bridge, Mile End",63.0,58.0,66.0,54.0,60.25,50.0,51.530326,-0.042744
"Tyers Gate, Bermondsey",52.0,43.0,40.0,30.0,41.25,45.0,51.500889,-0.083159
"Tysoe Street, Clerkenwell",59.0,89.0,61.0,78.0,71.75,71.0,51.526443,-0.109256
"Union Grove, Wandsworth Road",34.0,40.0,49.0,37.0,40.0,41.0,51.472993,-0.133972
"Union Street, The Borough",49.0,48.0,40.0,51.0,47.0,37.0,51.503688,-0.098497
"Upcerne Road, West Chelsea",55.0,50.0,50.0,45.0,50.0,34.0,51.478169,-0.182435
"Upper Bank Street, Canary Wharf",68.0,64.0,87.0,75.0,73.5,42.0,51.503083,-0.017676
"Upper Grosvenor Street, Mayfair",37.0,21.0,23.0,20.0,25.25,33.0,51.51013,-0.155757
"Upper Richmond Road, Putney",26.0,18.0,17.0,21.0,20.5,12.0,51.459715,-0.212145
"Usk Road, Clapham Junction",38.0,29.0,41.0,42.0,37.5,45.0,51.463489,-0.182126
"Vauxhall Bridge , Pimlico",53.0,34.0,31.0,21.0,34.75,25.0,51.488365,-0.129361
"Vauxhall Cross, Vauxhall",118.0,142.0,111.0,111.0,120.5,126.0,51.485917,-0.124469
"Vauxhall Street, Vauxhall",46.0,43.0,56.0,54.0,49.75,51.0,51.486965,-0.116625
"Vauxhall Walk, Vauxhall",26.0,38.0,35.0,27.0,31.5,31.0,51.488124,-0.120903
"Vereker Road, West Kensington",51.0,48.0,43.0,40.0,45.5,47.0,51.489591,-0.209378
"Vicarage Crescent, Battersea",48.0,57.0,71.0,55.0,57.75,48.0,51.472876,-0.176267
"Vicarage Gate, Kensington",34.0,16.0,23.0,11.0,21.0,26.0,51.504723,-0.192538
"Victoria & Albert Museum, South Kensington",31.0,29.0,42.0,27.0,32.25,19.0,51.495898,-0.173009
"Victoria Park Road, Hackney Central",60.0,53.0,56.0,61.0,57.5,33.0,51.536424,-0.054162
"Victoria Rise, Clapham Common",41.0,40.0,54.0,45.0,45.0,50.0,51.461376,-0.147804
"Victory Place, Walworth",35.0,32.0,32.0,31.0,32.5,30.0,51.492807,-0.091938
"Vincent Square, Westminster",35.0,30.0,35.0,30.0,32.5,25.0,51.493985,-0.136928
"Vincent Street, Pimlico",47.0,42.0,46.0,44.0,44.75,38.0,51.493072,-0.129925
"Walmer Road, Avondale",13.0,17.0,20.0,18.0,17.0,21.0,51.510101,-0.211358
"Walnut Tree Walk, Vauxhall",49.0,45.0,45.0,40.0,44.75,41.0,51.493686,-0.111014
"Walworth Square, Walworth",63.0,62.0,51.0,59.0,58.75,32.0,51.491327,-0.096518
"Wandsworth Rd, Isley Court, Wandsworth Road",39.0,37.0,37.0,27.0,35.0,40.0,51.469259,-0.141812
"Wandsworth Town Station, Wandsworth",47.0,41.0,48.0,40.0,44.0,28.0,51.460864,-0.187427
"Wapping High Street, Wapping",37.0,35.0,40.0,35.0,36.75,29.0,51.504904,-0.06797
"Wapping Lane, Wapping",64.0,64.0,63.0,53.0,61.0,50.0,51.504749,-0.057544
"Wardour Street, Soho",106.0,98.0,101.0,95.0,100.0,95.0,51.512515,-0.133201
"Warren Street Station, Euston",123.0,107.0,107.0,110.0,111.75,102.0,51.524438,-0.138019
"Warwick Avenue Station, Maida Vale",59.0,74.0,70.0,53.0,64.0,42.0,51.523344,-0.183846
"Warwick Road, Olympia",75.0,70.0,72.0,61.0,69.5,77.0,51.496712,-0.205284
"Warwick Row, Westminster",101.0,100.0,112.0,104.0,104.25,101.0,51.497998,-0.14296
"Warwick Square, Pimlico",52.0,51.0,49.0,44.0,49.0,53.0,51.489856,-0.141923
"Waterloo Bridge, South Bank",27.0,35.0,20.0,42.0,31.0,25.0,51.505354,-0.113656
"Waterloo Place, St. James's",40.0,81.0,32.0,54.0,51.75,30.0,51.506633,-0.131773
"Waterloo Road, South Bank",41.0,39.0,30.0,34.0,36.0,33.0,51.50486,-0.113001
"Waterloo Station 1, Waterloo",270.0,228.0,301.0,242.0,260.25,114.0,51.504027,-0.113864
"Waterloo Station 2, Waterloo",158.0,137.0,147.0,88.0,132.5,66.0,51.503919,-0.113426
"Waterloo Station 3, Waterloo",298.0,225.0,203.0,204.0,232.5,161.0,51.503791,-0.112824
"Watney Market, Stepney",48.0,34.0,44.0,38.0,41.0,46.0,51.514222,-0.055656
"Watney Street, Shadwell",65.0,60.0,44.0,45.0,53.5,61.0,51.511542,-0.056667
"Webber Street , Southwark",53.0,59.0,51.0,63.0,56.5,38.0,51.500693,-0.102091
"Wellington Arch, Hyde Park",186.0,226.0,173.0,162.0,186.75,153.0,51.50274,-0.149569
"Wellington Road, St. John's Wood",35.0,47.0,43.0,35.0,40.0,40.0,51.533043,-0.172528
"Wellington Row, Bethnal Green",35.0,35.0,51.0,43.0,41.0,59.0,51.528222,-0.069743
"Wellington Street , Strand",89.0,100.0,81.0,92.0,90.5,75.0,51.511756,-0.119643
"Wells Street, Fitzrovia",90.0,80.0,94.0,85.0,87.25,72.0,51.517344,-0.138072
"Wendon Street, Old Ford",24.0,31.0,32.0,40.0,31.75,29.0,51.536039,-0.026262
"Wenlock Road , Hoxton",69.0,64.0,67.0,65.0,66.25,74.0,51.530991,-0.093903
"West Cromwell Road, Earl's Court",39.0,43.0,30.0,44.0,39.0,44.0,51.493724,-0.198286
"West Kensington Station, West Kensington",44.0,32.0,37.0,38.0,37.75,31.0,51.49087,-0.206029
"West Smithfield Rotunda, Farringdon",60.0,76.0,84.0,67.0,71.75,60.0,51.518218,-0.100791
"Westbourne Grove, Bayswater",44.0,44.0,49.0,61.0,49.5,44.0,51.515529,-0.19024
"Westbourne Park Road, Portobello",30.0,35.0,40.0,29.0,33.5,19.0,51.51787,-0.201005
"Westbridge Road, Battersea",89.0,79.0,87.0,74.0,82.25,63.0,51.477684,-0.170329
"Westferry Circus, Canary Wharf",61.0,72.0,55.0,68.0,64.0,95.0,51.505703,-0.027772
"Westferry DLR, Limehouse",62.0,73.0,66.0,71.0,68.0,57.0,51.509303,-0.025996
"Westfield Ariel Way, White City",66.0,70.0,77.0,63.0,69.0,74.0,51.509158,-0.224103
"Westfield Southern Terrace ,Shepherd's Bush",23.0,39.0,28.0,34.0,31.0,38.0,51.506256,-0.218337
"Westminster Bridge Road, Elephant & Castle",14.0,6.0,12.0,5.0,9.25,8.0,51.498386,-0.107913
"Westminster Pier, Westminster",191.0,112.0,137.0,167.0,151.75,132.0,51.501513,-0.123823
"Westminster University, Marylebone",36.0,32.0,51.0,39.0,39.5,27.0,51.522481,-0.154907
"Whiston Road, Haggerston",26.0,21.0,43.0,39.0,32.25,27.0,51.534464,-0.076341
"Whitehall Place, Strand",139.0,165.0,168.0,131.0,150.75,109.0,51.506543,-0.123179
"William IV Street, Strand",111.0,112.0,92.0,109.0,106.0,62.0,51.509462,-0.124749
"William Morris Way, Sands End",48.0,38.0,44.0,37.0,41.75,34.0,51.468819,-0.184318
"Windsor Terrace, Hoxton",43.0,42.0,38.0,56.0,44.75,15.0,51.529154,-0.093421
"Wood Street, Guildhall",42.0,26.0,27.0,21.0,29.0,30.0,51.517008,-0.093885
"Woodstock Grove, Shepherd's Bush",68.0,68.0,61.0,67.0,66.0,48.0,51.504038,-0.2174
"Woodstock Street, Mayfair",41.0,35.0,53.0,44.0,43.25,40.0,51.514105,-0.147301
"World's End Place, West Chelsea",62.0,67.0,63.0,58.0,62.5,51.0,51.481805,-0.180274
"Wormwood Street, Liverpool Street",216.0,220.0,229.0,208.0,218.25,158.0,51.516154,-0.082422
"Worship Street, Shoreditch",55.0,67.0,62.0,64.0,62.0,67.0,51.521668,-0.079608
"Wren Street, Holborn",37.0,32.0,45.0,38.0,38.0,22.0,51.524564,-0.116279
"Wright's Lane, Kensington",77.0,90.0,89.0,66.0,80.5,66.0,51.500397,-0.193068
"Wynne Road, Stockwell",21.0,22.0,17.0,21.0,20.25,19.0,51.469217,-0.112686
"York Hall, Bethnal Green",47.0,55.0,56.0,41.0,49.75,52.0,51.528936,-0.055894
"York Way, Kings Cross",60.0,55.0,40.0,36.0,47.75,34.0,51.541596,-0.125441
"Gower Place , Euston",,21.0,,27.0,24.0,,51.525227,-0.135188
"Pennington Street, Wapping",,27.0,7.0,16.0,16.666666666666668,15.0,51.508622,-0.065006
"Portugal Street, Holborn",,15.0,,4.0,9.5,12.0,51.514943,-0.116146
"Stonecutter Street, Holborn",,31.0,,14.0,22.5,15.0,51.515809,-0.10527
