EndStation Name,July 5th,August 2nd,July 12th,July 26th,Average Count,July 19th(Heatwave day),Latitude,Longitude
"Abbey Orchard Street, Westminster",87.0,72.0,70.0,66.0,73.75,58.0,51.498125,-0.132102
"Abbotsbury Road, Holland Park",21.0,19.0,22.0,13.0,18.75,19.0,51.501391,-0.205991
"Aberdeen Place, St. John's Wood",26.0,25.0,21.0,22.0,23.5,25.0,51.524826,-0.176268
"Aberfeldy Street, Poplar",22.0,12.0,31.0,12.0,19.25,13.0,51.513548,-0.005659
"Abingdon Green, Westminster",110.0,76.0,74.0,56.0,79.0,66.0,51.49764,-0.125972
"Abingdon Villas, Kensington",36.0,21.0,33.0,18.0,27.0,33.0,51.497387,-0.197245
"Ackroyd Drive, Bow",32.0,47.0,40.0,34.0,38.25,52.0,51.520398,-0.026768
"Ada Street, Hackney Central",36.0,41.0,49.0,29.0,38.75,44.0,51.535716,-0.060291
"Addison Road, Holland Park",36.0,19.0,25.0,28.0,27.0,19.0,51.504199,-0.210941
"Aintree Street, Fulham",52.0,44.0,51.0,36.0,45.75,42.0,51.481021,-0.209973
"Albany Street, The Regent's Park",43.0,62.0,39.0,63.0,51.75,52.0,51.528302,-0.144466
"Albert Bridge Road, Battersea Park",54.0,43.0,68.0,59.0,56.0,45.0,51.474392,-0.163347
"Albert Embankment, Vauxhall",35.0,56.0,47.0,53.0,47.75,47.0,51.490435,-0.122806
"Albert Gardens, Stepney",31.0,38.0,63.0,33.0,41.25,35.0,51.51328,-0.047784
"Albert Gate, Hyde Park",158.0,299.0,131.0,317.0,226.25,,51.502953,-0.158456
"Albert Square, Stockwell",47.0,55.0,56.0,44.0,50.5,58.0,51.47659,-0.118256
"Alderney Street, Pimlico",73.0,45.0,71.0,69.0,64.5,55.0,51.488057,-0.140741
"Aldersgate Street, Barbican",90.0,74.0,,67.0,77.0,,51.520841,-0.09734
"Alfreda Street, Battersea Park",46.0,42.0,57.0,35.0,45.0,43.0,51.47505,-0.150908
"All Saints Church, Portobello",59.0,57.0,49.0,67.0,58.0,49.0,51.51632,-0.202608
"All Saints' Road, Portobello",16.0,26.0,28.0,39.0,27.25,28.0,51.519042,-0.204764
"Allington Street, Victoria",147.0,152.0,128.0,116.0,135.75,80.0,51.496863,-0.142943
"Alma Road, Wandsworth",23.0,22.0,24.0,9.0,19.5,18.0,51.457991,-0.184806
"Alpha Grove, Millwall",27.0,23.0,29.0,17.0,24.0,12.0,51.497304,-0.022793
"Ampton Street , Clerkenwell",23.0,40.0,35.0,35.0,33.25,18.0,51.52728,-0.118295
"Ansell House, Stepney",48.0,65.0,59.0,66.0,59.5,45.0,51.520019,-0.05438
"Antill Road, Mile End",28.0,29.0,33.0,27.0,29.25,26.0,51.528224,-0.037471
"Archbishop's Park, Waterloo",27.0,40.0,47.0,26.0,35.0,28.0,51.498241,-0.117495
"Argyll Road, Kensington",47.0,46.0,43.0,34.0,42.5,24.0,51.500401,-0.195455
"Arlington Road, Camden Town",41.0,24.0,42.0,32.0,34.75,19.0,51.539957,-0.145246
"Arundel Street, Temple",27.0,24.0,30.0,39.0,30.0,28.0,51.511726,-0.113855
"Ashley Crescent, Battersea",43.0,54.0,54.0,36.0,46.75,38.0,51.467185,-0.152248
"Ashley Place, Victoria",77.0,65.0,75.0,44.0,65.25,71.0,51.49616,-0.140947
"Ashmole Estate, Oval",34.0,39.0,52.0,34.0,39.75,44.0,51.482678,-0.117661
"Aston Street, Stepney",33.0,31.0,41.0,22.0,31.75,27.0,51.516,-0.038775
"Austin Road, Battersea Park",59.0,52.0,57.0,50.0,54.5,38.0,51.474376,-0.155442
"Aylward Street, Stepney",21.0,25.0,21.0,26.0,23.25,15.0,51.51563,-0.049067
"BBC White City, White City",46.0,57.0,54.0,47.0,51.0,44.0,51.514767,-0.225787
"Baker Street, Marylebone",69.0,63.0,76.0,67.0,68.75,74.0,51.518913,-0.156166
"Baldwin Street, St. Luke's",58.0,73.0,63.0,50.0,61.0,53.0,51.527025,-0.088542
"Bancroft Road, Bethnal Green",33.0,47.0,31.0,39.0,37.5,34.0,51.526041,-0.047218
"Bank of England Museum, Bank",97.0,106.0,101.0,72.0,94.0,56.0,51.514441,-0.087587
"Bankside Mix, Bankside",72.0,58.0,57.0,74.0,65.25,51.0,51.505817,-0.100186
"Barbican Centre, Barbican",53.0,44.0,59.0,43.0,49.75,49.0,51.520044,-0.092176
"Barons Court Station, West Kensington",52.0,54.0,58.0,65.0,57.25,57.0,51.490217,-0.215087
"Bath Street, St. Luke's",76.0,71.0,71.0,81.0,74.75,61.0,51.525893,-0.090847
"Battersea Church Road, Battersea",49.0,40.0,51.0,43.0,45.75,46.0,51.476964,-0.174347
"Battersea Park Road, Nine Elms",85.0,98.0,74.0,82.0,84.75,94.0,51.479501,-0.14177
"Battersea Power Station, Battersea Park",107.0,91.0,106.0,101.0,101.25,102.0,51.483507,-0.147714
"Bayley Street , Bloomsbury",66.0,61.0,71.0,72.0,67.5,40.0,51.518587,-0.132053
"Baylis Road, Waterloo",138.0,101.0,112.0,99.0,112.5,68.0,51.501444,-0.110699
"Bayswater Road, Hyde Park",81.0,133.0,142.0,76.0,108.0,85.0,51.511933,-0.174411
"Beaumont Street, Marylebone",62.0,54.0,,49.0,55.0,42.0,51.522008,-0.151359
"Bedford Way, Bloomsbury",28.0,15.0,25.0,15.0,20.75,11.0,51.523673,-0.128377
"Belford House, Haggerston",21.0,20.0,15.0,13.0,17.25,18.0,51.536654,-0.07023
"Belgrave Road, Victoria",61.0,56.0,74.0,61.0,63.0,56.0,51.493204,-0.144132
"Belgrave Square, Belgravia",41.0,33.0,33.0,37.0,36.0,31.0,51.499412,-0.152317
"Belgrove Street , King's Cross",223.0,207.0,220.0,170.0,205.0,68.0,51.529943,-0.123616
"Bell Lane, Liverpool Street",55.0,53.0,68.0,55.0,57.75,60.0,51.517475,-0.075855
"Bell Street , Marylebone",61.0,48.0,41.0,52.0,50.5,27.0,51.522029,-0.165842
"Belvedere Road 1, South Bank",61.0,56.0,62.0,48.0,56.75,39.0,51.506133,-0.114686
"Belvedere Road 2, South Bank",36.0,40.0,26.0,35.0,34.25,54.0,51.50621,-0.114842
"Bermondsey Station, Bermondsey",56.0,57.0,71.0,47.0,57.75,68.0,51.497995,-0.063471
"Bermondsey Street, Bermondsey",68.0,82.0,79.0,71.0,75.0,66.0,51.497855,-0.081608
"Berry Street, Clerkenwell",86.0,71.0,88.0,77.0,80.5,49.0,51.522853,-0.099994
"Beryl Road, Hammersmith",31.0,30.0,34.0,22.0,29.25,34.0,51.488144,-0.222456
"Bethnal Green Garden, Bethnal Green",44.0,48.0,41.0,42.0,43.75,33.0,51.52568,-0.055312
"Bethnal Green Road, Shoreditch",175.0,155.0,153.0,155.0,159.5,135.0,51.523648,-0.074754
"Bevington Road West, North Kensington",66.0,58.0,60.0,58.0,60.5,46.0,51.5212,-0.208888
"Binfield Road, Stockwell",57.0,75.0,70.0,60.0,65.5,57.0,51.472509,-0.122831
"Birkenhead Street, King's Cross",72.0,57.0,62.0,45.0,59.0,39.0,51.530199,-0.122299
"Bishop's Avenue, Fulham",54.0,40.0,33.0,40.0,41.75,46.0,51.473036,-0.214749
"Bishop's Bridge Road East, Bayswater",22.0,14.0,28.0,26.0,22.5,17.0,51.5171,-0.18377
"Bishop's Bridge Road West, Bayswater",79.0,57.0,71.0,54.0,65.25,61.0,51.51616,-0.18697
"Black Lion Gate, Kensington Gardens",87.0,249.0,232.0,204.0,193.0,151.0,51.509908,-0.187842
"Black Prince Road, Vauxhall",60.0,52.0,39.0,53.0,51.0,42.0,51.490867,-0.116911
"Blackfriars Road, Southwark",63.0,100.0,67.0,67.0,74.25,63.0,51.505461,-0.10454
"Blackfriars Station, St. Paul's",123.0,95.0,108.0,110.0,109.0,78.0,51.511934,-0.103078
"Blenheim Crescent, Ladbroke Grove",50.0,37.0,40.0,33.0,40.0,43.0,51.515108,-0.208565
"Blythe Road West, Shepherd's Bush",27.0,16.0,29.0,27.0,24.75,32.0,51.49968,-0.221791
"Blythe Road, Olympia",32.0,31.0,39.0,20.0,30.5,29.0,51.496927,-0.2135
"Bolsover Street, Fitzrovia",68.0,55.0,55.0,56.0,58.5,53.0,51.523518,-0.143613
"Bonner Gate, Victoria Park",63.0,78.0,77.0,54.0,68.0,74.0,51.53341,-0.049591
"Bonny Street, Camden Town",64.0,67.0,64.0,53.0,62.0,71.0,51.541603,-0.138853
"Borough High Street, The Borough",51.0,37.0,66.0,37.0,47.75,37.0,51.500694,-0.094524
"Borough Road, Elephant & Castle",41.0,41.0,36.0,31.0,37.25,28.0,51.498898,-0.10044
"Boston Place, Marylebone",80.0,61.0,66.0,90.0,74.25,54.0,51.522511,-0.162298
"Bourne Street, Belgravia",63.0,39.0,61.0,46.0,52.25,41.0,51.490959,-0.153233
"Bouverie Street, Temple",49.0,50.0,65.0,65.0,57.25,49.0,51.513821,-0.107927
"Bow Church Station, Bow",53.0,93.0,55.0,51.0,63.0,58.0,51.528169,-0.018703
"Bow Road Station, Bow",55.0,59.0,49.0,38.0,50.25,42.0,51.527058,-0.025296
"Braham Street, Aldgate",103.0,126.0,101.0,93.0,105.75,97.0,51.514233,-0.073537
"Bramham Gardens, Earl's Court",75.0,72.0,66.0,64.0,69.25,74.0,51.490163,-0.190393
"Breams Buildings, Holborn",46.0,42.0,43.0,48.0,44.75,41.0,51.515937,-0.111778
"Brick Lane Market, Shoreditch",51.0,58.0,54.0,56.0,54.75,53.0,51.522617,-0.071653
"Bricklayers Arms, Borough",68.0,62.0,73.0,52.0,63.75,82.0,51.495061,-0.085814
"Bridge Avenue, Hammersmith",64.0,58.0,51.0,67.0,60.0,57.0,51.492084,-0.229116
"British Museum, Bloomsbury",80.0,68.0,94.0,62.0,76.0,51.0,51.51908,-0.124678
"Broadcasting House, Marylebone",57.0,56.0,68.0,45.0,56.5,39.0,51.518117,-0.144228
"Broadley Terrace, Marylebone",29.0,26.0,20.0,20.0,23.75,21.0,51.524561,-0.165668
"Broadwick Street, Soho",67.0,79.0,78.0,68.0,73.0,78.0,51.513684,-0.13558
"Bromley High Street, Bow",32.0,35.0,33.0,34.0,33.5,34.0,51.528828,-0.013258
"Brook Green South, Brook Green",41.0,30.0,56.0,31.0,39.5,52.0,51.494347,-0.215804
"Broomhouse Lane, Parsons Green",19.0,23.0,29.0,24.0,23.75,23.0,51.468418,-0.199135
"Brunswick Square, Bloomsbury",49.0,56.0,60.0,49.0,53.5,46.0,51.523951,-0.122502
"Brushfield Street, Liverpool Street",164.0,161.0,170.0,163.0,164.5,145.0,51.518908,-0.079249
"Bruton Street, Mayfair",36.0,43.0,51.0,45.0,43.75,31.0,51.510736,-0.144165
"Buckingham Gate, Westminster",82.0,91.0,57.0,65.0,73.75,52.0,51.498865,-0.137424
"Bunhill Row, Moorgate",103.0,77.0,87.0,77.0,86.0,73.0,51.520858,-0.089887
"Burdett Road, Mile End",58.0,63.0,53.0,63.0,59.25,46.0,51.516196,-0.029138
"Bury Place, Holborn",45.0,46.0,46.0,52.0,47.25,41.0,51.51746,-0.12335
"Butler Place, Westminster",52.0,59.0,59.0,53.0,55.75,41.0,51.497829,-0.13544
"Buxton Street 1, Shoreditch",30.0,16.0,13.0,18.0,19.25,26.0,51.521776,-0.068856
"Cadogan Close, Victoria Park",47.0,50.0,50.0,41.0,47.0,25.0,51.542118,-0.028941
"Cadogan Gardens, Chelsea",92.0,53.0,64.0,61.0,67.5,59.0,51.492462,-0.159919
"Cadogan Place, Knightsbridge",58.0,35.0,62.0,57.0,53.0,48.0,51.494645,-0.158105
"Caldwell Street, Stockwell",50.0,48.0,73.0,52.0,55.75,54.0,51.477839,-0.116493
"Calshot Street , King's Cross",26.0,19.0,13.0,13.0,17.75,12.0,51.53136,-0.117069
"Campden Hill Road, Notting Hill",11.0,15.0,17.0,9.0,13.0,12.0,51.506584,-0.199004
"Canada Water Station, Rotherhithe",56.0,41.0,57.0,45.0,49.75,45.0,51.498439,-0.04915
"Canton Street, Poplar",30.0,15.0,27.0,,24.0,30.0,51.511811,-0.025626
"Cantrell Road, Bow",20.0,17.0,21.0,15.0,18.25,18.0,51.521564,-0.022694
"Carey Street, Holborn",22.0,31.0,28.0,22.0,25.75,16.0,51.51501,-0.112753
"Carnegie Street, King's Cross",25.0,23.0,20.0,20.0,22.0,23.0,51.535467,-0.116191
"Cartwright Gardens , Bloomsbury",36.0,28.0,18.0,44.0,31.5,27.0,51.526357,-0.125979
"Castlehaven Road, Camden Town",69.0,80.0,80.0,64.0,73.25,50.0,51.542138,-0.145393
"Central House, Aldgate",100.0,68.0,75.0,63.0,76.5,49.0,51.515231,-0.07015
"Cephas Street, Bethnal Green",39.0,44.0,41.0,41.0,41.25,42.0,51.522561,-0.054883
"Chadwell Street, Angel",57.0,52.0,47.0,53.0,52.25,42.0,51.530515,-0.106408
"Chancery Lane, Holborn",30.0,35.0,42.0,36.0,35.75,27.0,51.514274,-0.111257
"Chapel Place, Marylebone",87.0,60.0,76.0,75.0,74.5,52.0,51.515308,-0.147203
"Charing Cross Hospital, Hammersmith",30.0,43.0,34.0,26.0,33.25,38.0,51.487285,-0.217995
"Charlbert Street, St. John's Wood",39.0,26.0,29.0,30.0,31.0,32.0,51.5343,-0.168074
"Charles II Street, West End",80.0,67.0,77.0,54.0,69.5,60.0,51.508446,-0.131961
"Charlotte Street, Fitzrovia",46.0,44.0,56.0,51.0,49.25,49.0,51.51953,-0.135777
"Charlotte Terrace, Angel",40.0,30.0,34.0,28.0,33.0,22.0,51.536392,-0.112721
"Cheapside, Bank",184.0,183.0,155.0,144.0,166.5,164.0,51.51397,-0.09294
"Chelsea Bridge, Pimlico",82.0,78.0,61.0,44.0,66.25,48.0,51.485821,-0.149004
"Chelsea Green, Chelsea",43.0,55.0,50.0,51.0,49.75,45.0,51.490664,-0.166485
"Chepstow Villas, Notting Hill",42.0,24.0,24.0,13.0,25.75,23.0,51.512136,-0.201554
"Cheshire Street, Bethnal Green",25.0,27.0,45.0,28.0,31.25,28.0,51.52388,-0.065076
"Chesilton Road, Fulham",45.0,53.0,52.0,39.0,47.25,45.0,51.475698,-0.205876
"Chrisp Street Market, Poplar",27.0,34.0,36.0,22.0,29.75,29.0,51.5112,-0.014438
"Christopher Street, Liverpool Street",59.0,54.0,47.0,61.0,55.25,45.0,51.521283,-0.084605
"City Road, Angel",48.0,27.0,35.0,41.0,37.75,35.0,51.530344,-0.100168
"Clapham Common North Side, Clapham Common",42.0,31.0,36.0,40.0,37.25,18.0,51.461343,-0.159322
"Clapham Common Station, Clapham Common",77.0,89.0,100.0,70.0,84.0,68.0,51.461388,-0.139221
"Clapham Road, Lingham Street, Stockwell",23.0,28.0,22.0,18.0,22.75,29.0,51.471433,-0.12367
"Claremont Square, Angel",24.0,24.0,31.0,24.0,25.75,15.0,51.531666,-0.109914
"Clarence Walk, Stockwell",23.0,20.0,28.0,21.0,23.0,24.0,51.470732,-0.126994
"Clarendon Road, Avondale",22.0,14.0,24.0,18.0,19.5,17.0,51.51323,-0.211593
"Clarges Street, Mayfair",25.0,32.0,28.0,24.0,27.25,24.0,51.507326,-0.145827
"Clarkson Street, Bethnal Green",19.0,24.0,26.0,25.0,23.5,18.0,51.528692,-0.059091
"Claverton Street, Pimlico",61.0,45.0,49.0,41.0,49.0,60.0,51.484839,-0.138089
"Cleaver Street, Kennington",22.0,24.0,29.0,21.0,24.0,24.0,51.488105,-0.110121
"Clerkenwell Green, Clerkenwell",85.0,83.0,92.0,73.0,83.25,54.0,51.52326,-0.104708
"Cleveland Gardens, Bayswater",33.0,19.0,23.0,30.0,26.25,22.0,51.515607,-0.183118
"Cleveland Way, Stepney",98.0,101.0,98.0,117.0,103.5,97.0,51.520893,-0.051394
"Clifford Street, Mayfair",53.0,29.0,41.0,38.0,40.25,42.0,51.510662,-0.142345
"Clifton Road, Maida Vale",36.0,36.0,35.0,41.0,37.0,34.0,51.525575,-0.179592
"Clifton Street, Shoreditch",46.0,36.0,27.0,44.0,38.25,35.0,51.523196,-0.083067
"Clinton Road, Mile End",51.0,40.0,42.0,41.0,43.5,36.0,51.525941,-0.036017
"Cloudesley Road, Angel",28.0,29.0,32.0,23.0,28.0,26.0,51.534408,-0.109025
"Colet Gardens, Hammersmith",4.0,4.0,8.0,8.0,6.0,8.0,51.491093,-0.216493
"Collingham Gardens, Earl's Court",47.0,35.0,43.0,35.0,40.0,42.0,51.491615,-0.186753
"Columbia Road, Shoreditch",57.0,50.0,50.0,48.0,51.25,55.0,51.528187,-0.075375
"Commercial Street, Shoreditch",52.0,43.0,58.0,57.0,52.5,37.0,51.52127,-0.075578
"Concert Hall Approach 1, South Bank",27.0,34.0,35.0,36.0,33.0,16.0,51.505044,-0.115851
"Concert Hall Approach 2, South Bank",42.0,30.0,40.0,44.0,39.0,17.0,51.504942,-0.115533
"Coomer Place, West Kensington",59.0,58.0,59.0,56.0,58.0,51.0,51.48357,-0.202038
"Copper Box Arena, Queen Elizabeth Olympic Park",29.0,32.0,55.0,46.0,40.5,44.0,51.544909,-0.020542
"Coram Street, Bloomsbury",43.0,40.0,33.0,35.0,37.75,27.0,51.524,-0.126409
"Cotton Garden Estate, Kennington",25.0,23.0,35.0,23.0,26.5,32.0,51.490757,-0.106323
"Courland Grove, Wandsworth Road",55.0,51.0,48.0,35.0,47.25,33.0,51.472918,-0.132102
"Crabtree Lane, Fulham",24.0,25.0,36.0,23.0,27.0,29.0,51.482944,-0.219346
"Craven Street, Strand",129.0,144.0,147.0,134.0,138.5,101.0,51.508103,-0.126021
"Crawford Street, Marylebone",65.0,75.0,59.0,56.0,63.75,69.0,51.52026,-0.157183
"Crinan Street, King's Cross",37.0,25.0,26.0,30.0,29.5,17.0,51.534474,-0.122203
"Crisp Road, Hammersmith",50.0,53.0,59.0,59.0,55.25,42.0,51.488108,-0.226606
"Cromer Street, Bloomsbury",24.0,25.0,26.0,25.0,25.0,32.0,51.528279,-0.119558
"Crosswall, Tower",159.0,153.0,148.0,135.0,148.75,98.0,51.511594,-0.077121
"Culvert Road, Battersea",22.0,29.0,24.0,22.0,24.25,21.0,51.471095,-0.15785
"Curlew Street, Shad Thames",81.0,82.0,78.0,67.0,77.0,29.0,51.502279,-0.074189
"Curzon Street, Mayfair",58.0,55.0,58.0,54.0,56.25,50.0,51.507069,-0.145904
"Danvers Street, West Chelsea",24.0,47.0,38.0,38.0,36.75,44.0,51.482567,-0.172078
"De Vere Gardens, Kensington",41.0,36.0,41.0,52.0,42.5,43.0,51.501737,-0.18498
"Denyer Street, Knightsbridge",19.0,14.0,20.0,9.0,15.5,16.0,51.493583,-0.165101
"Derry Street, Kensington",118.0,87.0,127.0,123.0,113.75,102.0,51.501364,-0.191462
"Devons Road, Bow",25.0,27.0,28.0,18.0,24.5,26.0,51.52512,-0.015578
"Devonshire Square, Liverpool Street",42.0,42.0,42.0,37.0,40.75,50.0,51.516468,-0.079684
"Devonshire Terrace, Bayswater",30.0,67.0,40.0,71.0,52.0,61.0,51.51348,-0.17977
"Dickens Square, Borough",19.0,20.0,21.0,23.0,20.75,24.0,51.496791,-0.093913
"Disraeli Road, Putney",16.0,27.0,28.0,17.0,22.0,22.0,51.46161,-0.216145
"Dock Street, Wapping",76.0,91.0,69.0,75.0,77.75,73.0,51.509786,-0.068161
"Doddington Grove, Kennington",60.0,42.0,61.0,59.0,55.5,53.0,51.486929,-0.102996
"Doric Way , Somers Town",78.0,72.0,55.0,61.0,66.5,33.0,51.528833,-0.13225
"Dorothy Road, Clapham Junction",29.0,39.0,41.0,41.0,37.5,39.0,51.465064,-0.16375
"Dorset Square, Marylebone",75.0,79.0,74.0,23.0,62.75,54.0,51.522596,-0.161113
"Drayton Gardens, West Chelsea",95.0,88.0,100.0,87.0,92.5,69.0,51.487196,-0.179369
"Driffield Road, Old Ford",49.0,40.0,60.0,33.0,45.5,37.0,51.534137,-0.037366
"Drummond Street , Euston",24.0,22.0,30.0,23.0,24.75,7.0,51.527326,-0.136052
"Drury Lane, Covent Garden",110.0,108.0,88.0,96.0,100.5,77.0,51.51477,-0.122219
"Duke Street Hill, London Bridge",223.0,198.0,153.0,187.0,190.25,166.0,51.506304,-0.087262
"Dunston Road , Haggerston",65.0,71.0,80.0,70.0,71.5,67.0,51.536585,-0.075885
"Durant Street, Bethnal Green",33.0,38.0,38.0,41.0,37.5,37.0,51.528681,-0.06555
"Eagle Wharf Road, Hoxton",85.0,97.0,93.0,89.0,91.0,78.0,51.53356,-0.09315
"Earnshaw Street , Covent Garden",92.0,96.0,79.0,66.0,83.25,65.0,51.516118,-0.128585
"East Ferry Road, Cubitt Town",16.0,13.0,17.0,13.0,14.75,19.0,51.49447,-0.014409
"East India DLR, Blackwall",38.0,39.0,23.0,38.0,34.5,39.0,51.509474,-0.002275
"East Road, Hoxton",29.0,32.0,42.0,46.0,37.25,38.0,51.528673,-0.087459
"East Village, Queen Elizabeth Olympic Park",47.0,54.0,54.0,72.0,56.75,52.0,51.546326,-0.009935
"Eastbourne Mews, Paddington",97.0,79.0,74.0,74.0,81.0,50.0,51.516417,-0.179135
"Eaton Square (South), Belgravia",46.0,30.0,26.0,26.0,32.0,23.0,51.494561,-0.153933
"Eaton Square, Belgravia",50.0,28.0,42.0,30.0,37.5,13.0,51.496544,-0.150905
"Ebury Bridge, Pimlico",49.0,35.0,22.0,42.0,37.0,40.0,51.490491,-0.149186
"Eccleston Place, Victoria",115.0,107.0,116.0,127.0,116.25,90.0,51.49395,-0.147624
"Edgware Road Station, Marylebone",35.0,49.0,53.0,59.0,49.0,25.0,51.519968,-0.169774
"Eel Brook Common, Walham Green",40.0,37.0,29.0,36.0,35.5,25.0,51.476259,-0.193254
"Elizabeth Bridge, Victoria",76.0,54.0,60.0,57.0,61.75,76.0,51.492369,-0.147478
"Elysium Place, Fulham",26.0,15.0,26.0,16.0,20.75,27.0,51.471079,-0.207842
"Embankment (Savoy), Strand",54.0,74.0,44.0,47.0,54.75,33.0,51.509631,-0.119047
"Emperor's Gate, South Kensington",52.0,44.0,39.0,51.0,46.5,50.0,51.495362,-0.185296
"Empire Square, The Borough",67.0,64.0,65.0,69.0,66.25,51.0,51.500823,-0.08974
"Endsleigh Gardens, Euston",77.0,73.0,78.0,72.0,75.0,36.0,51.526838,-0.130504
"Erin Close, Walham Green",77.0,72.0,51.0,55.0,63.75,45.0,51.479463,-0.195777
"Esmond Street, Putney",12.0,13.0,9.0,6.0,10.0,5.0,51.462312,-0.211468
"Ethelburga Estate, Battersea Park",104.0,116.0,93.0,95.0,102.0,74.0,51.477292,-0.164786
"Euston Road, Euston",51.0,55.0,37.0,43.0,46.5,13.0,51.526236,-0.134407
"Euston Square Gardens, Euston",33.0,26.0,18.0,21.0,24.5,14.0,51.527068,-0.131861
"Everington Street, Fulham",42.0,34.0,35.0,25.0,34.0,22.0,51.483356,-0.216305
"Eversholt Street , Camden Town",23.0,25.0,26.0,29.0,25.75,26.0,51.533005,-0.136792
"Evesham Street, Avondale",18.0,10.0,19.0,11.0,14.5,16.0,51.511486,-0.21819
"Exhibition Road Museums 1, South Kensington",42.0,62.0,53.0,41.0,49.5,48.0,51.496468,-0.173796
"Exhibition Road Museums 2, South Kensington",63.0,45.0,49.0,60.0,54.25,43.0,51.495947,-0.173689
"Exhibition Road, Knightsbridge",139.0,129.0,150.0,131.0,137.25,115.0,51.499917,-0.174554
"Falcon Road, Clapham Junction",98.0,93.0,109.0,79.0,94.75,78.0,51.466633,-0.169821
"Falkirk Street, Hoxton",50.0,43.0,28.0,32.0,38.25,37.0,51.53095,-0.078505
"Fanshaw Street, Hoxton",50.0,54.0,66.0,48.0,54.5,52.0,51.529537,-0.083353
"Farm Street, Mayfair",34.0,39.0,39.0,28.0,35.0,33.0,51.509351,-0.147449
"Farringdon Lane, Clerkenwell",55.0,42.0,46.0,40.0,45.75,41.0,51.52352,-0.10834
"Farringdon Street, Holborn",44.0,45.0,37.0,47.0,43.25,37.0,51.516785,-0.104947
"Fashion Street, Whitechapel",61.0,47.0,56.0,31.0,48.75,25.0,51.51838,-0.073438
"Fawcett Close, Battersea",22.0,20.0,26.0,16.0,21.0,19.0,51.469161,-0.174485
"Felsham Road, Putney",20.0,23.0,19.0,20.0,20.5,32.0,51.464786,-0.215618
"Ferndale Road, Brixton",55.0,57.0,86.0,56.0,63.5,84.0,51.464019,-0.115781
"Finlay Street, Fulham",47.0,34.0,38.0,25.0,36.0,28.0,51.476885,-0.215895
"Finnis Street, Bethnal Green",27.0,26.0,31.0,23.0,26.75,24.0,51.524583,-0.058631
"Finsbury Circus, Liverpool Street",148.0,137.0,130.0,141.0,139.0,106.0,51.517075,-0.086685
"Finsbury Leisure Centre, St. Luke's",72.0,75.0,82.0,101.0,82.5,68.0,51.526008,-0.096317
"Finsbury Library , Finsbury",19.0,29.0,24.0,14.0,21.5,20.0,51.526717,-0.104298
"Finsbury Square , Moorgate",65.0,85.0,65.0,54.0,67.25,57.0,51.520962,-0.085634
"Fire Brigade Pier, Vauxhall",51.0,44.0,58.0,57.0,52.5,49.0,51.493699,-0.121394
"Fisherman's Walk West, Canary Wharf",33.0,61.0,42.0,47.0,45.75,41.0,51.50623,-0.02296
"Flamborough Street, Limehouse",82.0,75.0,74.0,66.0,74.25,69.0,51.512871,-0.038986
"Flood Street, Chelsea",102.0,86.0,87.0,88.0,90.75,74.0,51.488023,-0.166878
"Foley Street, Fitzrovia",58.0,57.0,60.0,49.0,56.0,47.0,51.519181,-0.140485
"Ford Road, Old Ford",37.0,23.0,39.0,35.0,33.5,40.0,51.532513,-0.033085
"Fore Street Avenue, Guildhall",61.0,54.0,43.0,69.0,56.75,35.0,51.518093,-0.091401
"Fore Street, Guildhall",26.0,31.0,43.0,38.0,34.5,28.0,51.517842,-0.090075
"Fournier Street, Whitechapel",55.0,69.0,52.0,64.0,60.0,52.0,51.519362,-0.074431
"Frampton Street, Paddington",24.0,43.0,30.0,20.0,29.25,19.0,51.523353,-0.175116
"Freston Road, Avondale",20.0,24.0,17.0,14.0,18.75,13.0,51.512981,-0.219486
"Frith Street, Soho",55.0,105.0,76.0,67.0,75.75,61.0,51.513103,-0.131213
"Fulham Broadway, Walham Green",135.0,105.0,121.0,99.0,115.0,106.0,51.479932,-0.194116
"Fulham Park Road, Fulham",37.0,41.0,44.0,22.0,36.0,25.0,51.473471,-0.20782
"Furze Green, Bow",50.0,46.0,46.0,37.0,44.75,42.0,51.519265,-0.021345
"Garnet Street, Shadwell",34.0,47.0,49.0,31.0,40.25,47.0,51.508447,-0.055167
"Gas Holders, Battersea Park",115.0,127.0,118.0,116.0,119.0,83.0,51.477966,-0.147857
"Gascoyne Road, Victoria Park",55.0,50.0,44.0,45.0,48.5,45.0,51.541515,-0.038557
"Gauden Road, Clapham",47.0,55.0,59.0,55.0,54.0,47.0,51.464995,-0.130908
"Gaywood  Street, Elephant & Castle",42.0,36.0,43.0,37.0,39.5,42.0,51.49605,-0.104193
"George Place Mews, Marylebone",55.0,44.0,59.0,39.0,49.25,39.0,51.516892,-0.158249
"George Row, Bermondsey",37.0,50.0,43.0,42.0,43.0,57.0,51.498585,-0.068981
"George Street, Marylebone",64.0,58.0,54.0,48.0,56.0,43.0,51.517703,-0.154106
"Geraldine Street, Elephant & Castle",13.0,12.0,15.0,13.0,13.25,14.0,51.496127,-0.106
"Globe Town Market, Bethnal Green",42.0,47.0,43.0,50.0,45.5,45.0,51.528869,-0.047548
"Gloucester Avenue, Camden Town",38.0,36.0,43.0,40.0,39.25,18.0,51.537349,-0.147154
"Gloucester Road (Central), South Kensington",51.0,37.0,44.0,39.0,42.75,31.0,51.496462,-0.183289
"Gloucester Road (North), Kensington",43.0,61.0,70.0,62.0,59.0,56.0,51.497924,-0.183834
"Gloucester Road Station, South Kensington",110.0,102.0,82.0,84.0,94.5,84.0,51.494185,-0.18267
"Gloucester Street, Pimlico",61.0,60.0,54.0,41.0,54.0,63.0,51.490962,-0.139625
"Gloucester Terrace, Bayswater",31.0,34.0,44.0,40.0,37.25,34.0,51.517919,-0.188098
"Godliman Street, St. Paul's",77.0,69.0,69.0,71.0,71.5,53.0,51.512484,-0.099141
"Golden Lane, Barbican",56.0,60.0,68.0,61.0,61.25,51.0,51.521747,-0.094475
"Golden Square, Soho",73.0,82.0,88.0,88.0,82.75,71.0,51.511897,-0.137043
"Goldsmith's Row, Haggerston",56.0,58.0,57.0,53.0,56.0,55.0,51.531864,-0.066035
"Good's Way, King's Cross",97.0,102.0,92.0,82.0,93.25,73.0,51.534667,-0.125078
"Goswell Road (City Uni), Finsbury",21.0,28.0,27.0,21.0,24.25,17.0,51.528246,-0.101026
"Grafton Street, Mayfair",59.0,32.0,29.0,49.0,42.25,30.0,51.509992,-0.143495
"Graham Street, Angel",42.0,60.0,48.0,50.0,50.0,60.0,51.532661,-0.099981
"Granby Street, Shoreditch",55.0,69.0,70.0,62.0,64.0,58.0,51.525645,-0.069543
"Grant Road East, Clapham Junction",60.0,49.0,54.0,33.0,49.0,30.0,51.464894,-0.173029
"Great Dover Street, The Borough",66.0,43.0,64.0,55.0,57.0,48.0,51.497382,-0.089446
"Great Percy Street, Clerkenwell",38.0,38.0,36.0,31.0,35.75,30.0,51.528915,-0.11548
"Great Russell Street, Bloomsbury",76.0,69.0,58.0,51.0,63.5,60.0,51.517727,-0.127854
"Great Suffolk Street, The Borough",35.0,44.0,34.0,35.0,37.0,25.0,51.501732,-0.100292
"Great Titchfield Street, Fitzrovia",50.0,50.0,46.0,49.0,48.75,44.0,51.520253,-0.141327
"Great Tower Street, Monument",119.0,123.0,123.0,113.0,119.5,97.0,51.510484,-0.082989
"Green Park Station, Mayfair",143.0,144.0,135.0,127.0,137.25,124.0,51.506613,-0.142844
"Green Street, Mayfair",97.0,91.0,111.0,92.0,97.75,64.0,51.512276,-0.157436
"Greenberry Street, St.John's Wood",27.0,11.0,8.0,11.0,14.25,9.0,51.53256,-0.16862
"Greenland Road, Camden Town",70.0,57.0,85.0,60.0,68.0,39.0,51.539099,-0.141728
"Grenfell Road, Avondale",17.0,19.0,25.0,21.0,20.5,18.0,51.5129,-0.214762
"Greycoat Street , Westminster",19.0,15.0,17.0,12.0,15.75,14.0,51.494591,-0.134234
"Greyhound Road, Hammersmith",41.0,56.0,44.0,42.0,45.75,49.0,51.486062,-0.214428
"Grosvenor Crescent, Belgravia",9.0,7.0,9.0,13.0,9.5,10.0,51.501352,-0.153194
"Grosvenor Road, Pimlico",30.0,35.0,29.0,38.0,33.0,44.0,51.485357,-0.142207
"Grosvenor Square, Mayfair",127.0,68.0,107.0,92.0,98.5,84.0,51.51217,-0.150481
"Grove End Road, St. John's Wood",45.0,36.0,36.0,31.0,37.0,26.0,51.530889,-0.17677
"Guildhouse Street, Victoria",35.0,41.0,32.0,39.0,36.75,20.0,51.492345,-0.141334
"Guilford Street , Bloomsbury",82.0,68.0,67.0,62.0,69.75,64.0,51.523346,-0.120202
"Gunmakers Lane, Old Ford",25.0,35.0,43.0,33.0,34.0,30.0,51.535179,-0.03338
"Gwendwr Road, West Kensington",35.0,29.0,26.0,21.0,27.75,27.0,51.491026,-0.209121
"Haggerston Road, Haggerston",65.0,73.0,72.0,70.0,70.0,52.0,51.539328,-0.074284
"Halford Road, West Kensington",50.0,45.0,45.0,27.0,41.75,54.0,51.483911,-0.197609
"Hammersmith Road, Hammersmith",48.0,72.0,75.0,52.0,61.75,53.0,51.493267,-0.21985
"Hampstead Road, Euston",66.0,68.0,58.0,66.0,64.5,51.0,51.525542,-0.138231
"Hampton Street, Walworth",59.0,59.0,62.0,56.0,59.0,53.0,51.49217,-0.101536
"Handyside Street, King's Cross",64.0,72.0,50.0,67.0,63.25,53.0,51.53724,-0.124807
"Hansard Mews, Holland Park",29.0,36.0,34.0,38.0,34.25,29.0,51.503802,-0.215808
"Harcourt Terrace, West Brompton",63.0,52.0,68.0,66.0,62.25,63.0,51.487958,-0.187404
"Hardwick Street, Clerkenwell",27.0,24.0,26.0,16.0,23.25,18.0,51.527842,-0.108068
"Harford Street, Mile End",27.0,30.0,26.0,15.0,24.5,28.0,51.521564,-0.039264
"Harper Road, The Borough",30.0,31.0,38.0,32.0,32.75,38.0,51.498597,-0.096191
"Harriet Street, Knightsbridge",64.0,48.0,116.0,43.0,67.75,57.0,51.500241,-0.15934
"Harrington Square 1, Camden Town",53.0,49.0,58.0,24.0,46.0,28.0,51.533019,-0.139174
"Harrowby Street, Marylebone",31.0,38.0,44.0,33.0,36.5,23.0,51.517372,-0.164207
"Hartington Road, Stockwell",54.0,59.0,58.0,48.0,54.75,46.0,51.47787,-0.126874
"Hatton Garden, Holborn",63.0,66.0,61.0,66.0,64.0,50.0,51.518825,-0.108028
"Hatton Wall, Holborn",63.0,85.0,81.0,94.0,80.75,65.0,51.521661,-0.109006
"Hawley Crescent, Camden Town",20.0,26.0,,11.0,19.0,19.0,51.541007,-0.14326
"Heath Road, Battersea",16.0,19.0,25.0,20.0,20.0,19.0,51.468669,-0.146544
"Here East North, Queen Elizabeth Olympic Park",22.0,14.0,13.0,16.0,16.25,31.0,51.548731,-0.022606
"Here East South, Queen Elizabeth Olympic Park",17.0,6.0,12.0,10.0,11.25,2.0,51.546532,-0.020597
"Hereford Road, Bayswater",42.0,44.0,35.0,41.0,40.5,41.0,51.513735,-0.193487
"Hermitage Court, Wapping",26.0,37.0,33.0,32.0,32.0,32.0,51.504719,-0.063531
"Heron Quays DLR, Canary Wharf",27.0,31.0,13.0,24.0,23.75,16.0,51.502661,-0.021596
"Hertford Road, De Beauvoir Town",36.0,46.0,38.0,51.0,42.75,43.0,51.537277,-0.079201
"Hewison Street, Old Ford",37.0,46.0,36.0,26.0,36.25,35.0,51.533283,-0.028155
"Hibbert Street, Battersea",74.0,70.0,60.0,51.0,63.75,55.0,51.46517,-0.180389
"High Holborn , Covent Garden",69.0,77.0,72.0,71.0,72.25,59.0,51.516226,-0.124826
"Hinde Street, Marylebone",77.0,79.0,81.0,78.0,78.75,59.0,51.516814,-0.151926
"Holborn Circus, Holborn",195.0,149.0,185.0,182.0,177.75,133.0,51.51795,-0.108657
"Holden Street, Battersea",23.0,16.0,16.0,15.0,17.5,19.0,51.46879,-0.15823
"Holland Park, Kensington",11.0,31.0,16.0,20.0,19.5,8.0,51.502319,-0.200742
"Hollybush Gardens, Bethnal Green",28.0,36.0,27.0,19.0,27.5,24.0,51.527607,-0.057133
"Holy Trinity Brompton, Knightsbridge",71.0,57.0,69.0,66.0,65.75,61.0,51.497056,-0.168917
"Hop Exchange, The Borough",228.0,222.0,246.0,234.0,232.5,212.0,51.504627,-0.091773
"Horseferry Road, Westminster",54.0,70.0,70.0,65.0,64.75,44.0,51.494816,-0.130458
"Hortensia Road, West Brompton",35.0,52.0,58.0,40.0,46.25,33.0,51.481765,-0.185273
"Houghton Street, Strand",36.0,26.0,44.0,31.0,34.25,23.0,51.51362,-0.116764
"Houndsditch, Aldgate",62.0,50.0,60.0,60.0,58.0,51.0,51.514449,-0.077178
"Howick Place, Westminster",77.0,79.0,104.0,107.0,91.75,76.0,51.496753,-0.138733
"Howland Street, Fitzrovia",77.0,89.0,93.0,74.0,83.25,53.0,51.520994,-0.139016
"Hoxton Station, Hoxton",44.0,39.0,59.0,44.0,46.5,44.0,51.531091,-0.075901
"Hoxton Street, Hoxton",20.0,18.0,28.0,15.0,20.25,14.0,51.52959,-0.0801
"Humbolt Road, Fulham",41.0,40.0,57.0,41.0,44.75,46.0,51.483217,-0.21186
"Hurlingham Park, Parsons Green",26.0,23.0,21.0,20.0,22.5,13.0,51.470131,-0.20464
"Hyde Park Corner, Hyde Park",397.0,296.0,442.0,388.0,380.75,271.0,51.503117,-0.15352
"Ilchester Gardens, Bayswater",61.0,43.0,42.0,47.0,48.25,35.0,51.51244,-0.19096
"Ilchester Place, Kensington",10.0,14.0,9.0,10.0,10.75,15.0,51.500743,-0.202759
"Imperial College, Knightsbridge",92.0,75.0,61.0,56.0,71.0,74.0,51.499428,-0.179702
"Imperial Road, Sands End",37.0,54.0,43.0,26.0,40.0,26.0,51.475142,-0.187278
"Imperial Wharf Station, Sands End",85.0,81.0,74.0,91.0,82.75,84.0,51.474665,-0.183165
"Import Dock, Canary Wharf",57.0,52.0,52.0,61.0,55.5,50.0,51.505772,-0.01646
"Ingrave Street, Clapham Junction",18.0,8.0,16.0,15.0,14.25,21.0,51.467454,-0.172293
"Irene Road, Parsons Green",45.0,29.0,33.0,25.0,33.0,43.0,51.473763,-0.19701
"Islington Green, Angel",118.0,97.0,114.0,85.0,103.5,112.0,51.536384,-0.102757
"Jewry Street, Aldgate",51.0,65.0,70.0,64.0,62.5,56.0,51.513406,-0.076793
"Jubilee Crescent, Cubitt Town",23.0,19.0,26.0,26.0,23.5,18.0,51.493381,-0.007542
"Jubilee Plaza, Canary Wharf",90.0,75.0,78.0,63.0,76.5,74.0,51.5034,-0.020242
"Jubilee Street, Stepney",29.0,26.0,39.0,32.0,31.5,23.0,51.515975,-0.053177
"Kennington Cross, Kennington",81.0,76.0,87.0,77.0,80.25,70.0,51.48894,-0.111435
"Kennington Lane Rail Bridge, Vauxhall",130.0,92.0,138.0,83.0,110.75,80.0,51.486343,-0.122492
"Kennington Oval, Oval",37.0,40.0,62.0,47.0,46.5,51.0,51.483145,-0.113134
"Kennington Road  , Vauxhall",43.0,33.0,44.0,45.0,41.25,55.0,51.495718,-0.110889
"Kennington Road Post Office, Oval",33.0,30.0,62.0,34.0,39.75,57.0,51.484788,-0.110683
"Kennington Station, Kennington",42.0,52.0,37.0,27.0,39.5,43.0,51.488852,-0.105593
"Kensington Church Street, Kensington",64.0,56.0,69.0,78.0,66.75,57.0,51.503157,-0.191496
"Kensington Gore, Knightsbridge",13.0,33.0,14.0,29.0,22.25,20.0,51.501432,-0.178656
"Kensington Olympia Station, Olympia",44.0,35.0,41.0,28.0,37.0,25.0,51.498157,-0.209494
"Kensington Town Hall, Kensington",22.0,18.0,25.0,36.0,25.25,14.0,51.501945,-0.194392
"Killick Street, King's Cross",17.0,15.0,16.0,22.0,17.5,16.0,51.5338,-0.118677
"King Edward Street, St Pauls",30.0,32.0,38.0,30.0,32.5,41.0,51.51601,-0.0985
"King Edward Walk, Waterloo",17.0,15.0,22.0,12.0,16.5,5.0,51.49775,-0.10988
"Kings Gate House, Westminster",39.0,37.0,55.0,46.0,44.25,34.0,51.497698,-0.137598
"Kingsway Southbound, Strand",50.0,54.0,60.0,20.0,46.0,31.0,51.513875,-0.117774
"Kingsway, Covent Garden",24.0,18.0,24.0,27.0,23.25,15.0,51.514409,-0.118478
"Knaresborough Place, Earl's Court",46.0,33.0,45.0,36.0,40.0,47.0,51.493631,-0.190603
"Knightsbridge, Hyde Park",14.0,47.0,21.0,29.0,27.75,22.0,51.502757,-0.155349
"LMU Commercial Road, Whitechapel",58.0,65.0,76.0,61.0,65.0,72.0,51.514924,-0.066078
"LSBU (Borough Road), Elephant & Castle",50.0,28.0,49.0,26.0,38.25,43.0,51.498744,-0.103132
"Ladbroke Grove Central, Ladbroke Grove",9.0,9.0,10.0,4.0,8.0,6.0,51.511624,-0.205921
"Lambeth North Station, Waterloo",37.0,39.0,23.0,47.0,36.5,28.0,51.49914,-0.112031
"Lambeth Palace Road, Waterloo",124.0,127.0,112.0,111.0,118.5,91.0,51.500089,-0.116628
"Lambeth Road, Vauxhall",41.0,54.0,26.0,40.0,40.25,41.0,51.494881,-0.117974
"Lancaster Drive, Blackwall",11.0,14.0,19.0,10.0,13.5,8.0,51.503143,-0.008428
"Lancaster Gate , Bayswater",47.0,30.0,53.0,60.0,47.5,50.0,51.511654,-0.179668
"Langdon Park, Poplar",9.0,15.0,9.0,8.0,10.25,4.0,51.51549,-0.013475
"Lansdowne Drive, Hackney Central",39.0,38.0,21.0,43.0,35.25,48.0,51.539834,-0.062806
"Lansdowne Road, Ladbroke Grove",50.0,45.0,49.0,39.0,45.75,41.0,51.507481,-0.205535
"Lansdowne Walk, Ladbroke Grove",15.0,16.0,13.0,9.0,13.25,9.0,51.509591,-0.204666
"Lavington Street, Bankside",38.0,66.0,52.0,47.0,50.75,53.0,51.505224,-0.098031
"Lee Valley VeloPark, Queen Elizabeth Olympic Park",23.0,18.0,34.0,,25.0,,51.549369,-0.015717
"Leman Street, Aldgate",94.0,81.0,84.0,108.0,91.75,84.0,51.512363,-0.069542
"Leonard Circus , Shoreditch",84.0,106.0,104.0,87.0,95.25,60.0,51.524696,-0.084439
"Lexham Gardens, Kensington",55.0,44.0,59.0,45.0,50.75,36.0,51.495866,-0.191933
"Lightermans Road, Millwall",19.0,26.0,19.0,38.0,25.5,35.0,51.499041,-0.020157
"Limburg Road, Clapham Junction",9.0,19.0,18.0,10.0,14.0,11.0,51.461923,-0.165297
"Limerston Street, West Chelsea",121.0,92.0,138.0,106.0,114.25,108.0,51.485587,-0.18119
"Lincoln's Inn Fields, Holborn",45.0,37.0,45.0,29.0,39.0,37.0,51.516277,-0.118272
"Lisson Grove, St. John's Wood",19.0,32.0,14.0,17.0,20.5,13.0,51.526448,-0.17219
"Little Argyll Street, West End",184.0,162.0,148.0,151.0,161.25,149.0,51.514499,-0.141423
"Little Brook Green, Brook Green",30.0,37.0,45.0,22.0,33.5,48.0,51.496664,-0.223868
"Liverpool Road (N1 Centre), Angel",71.0,82.0,67.0,64.0,71.0,58.0,51.534504,-0.106992
"Lollard Street, Vauxhall",53.0,51.0,60.0,62.0,56.5,43.0,51.49288,-0.114934
"London Fields, Hackney Central",99.0,134.0,143.0,120.0,124.0,137.0,51.54119,-0.058826
"London Street, Paddington",95.0,103.0,57.0,83.0,84.5,72.0,51.515117,-0.173712
"London Zoo Car Park, The Regent's Park",22.0,40.0,31.0,28.0,30.25,21.0,51.536922,-0.150181
"London Zoo,  The Regent's Park",28.0,38.0,17.0,23.0,26.5,11.0,51.535836,-0.156285
"Long Lane , Bermondsey",56.0,54.0,63.0,49.0,55.5,32.0,51.499075,-0.085666
"Longford Street, The Regent's Park",13.0,15.0,13.0,13.0,13.5,19.0,51.525595,-0.144083
"Lord's, St. John's Wood",7.0,17.0,15.0,13.0,13.0,13.0,51.529121,-0.171185
"Lots Road, West Chelsea",39.0,36.0,38.0,24.0,34.25,39.0,51.479573,-0.179038
"Lower Marsh, Waterloo",68.0,47.0,55.0,47.0,54.25,42.0,51.500139,-0.113936
"Lower Thames Street, Monument",72.0,46.0,47.0,46.0,52.75,36.0,51.509301,-0.084985
"Macclesfield Rd, St Lukes",67.0,72.0,71.0,39.0,62.25,49.0,51.529423,-0.097122
"Maida Vale, Maida Vale",62.0,81.0,48.0,58.0,62.25,58.0,51.529857,-0.183486
"Malet Street, Bloomsbury",96.0,77.0,72.0,53.0,74.5,66.0,51.52168,-0.130431
"Mallory Street, Marylebone",17.0,15.0,23.0,15.0,17.5,13.0,51.525051,-0.166304
"Malmesbury Road, Bow",13.0,11.0,3.0,8.0,8.75,10.0,51.529452,-0.027616
"Manbre Road, Hammersmith",25.0,21.0,29.0,16.0,22.75,19.0,51.485743,-0.223616
"Manresa Road, Chelsea",51.0,39.0,47.0,47.0,46.0,40.0,51.486892,-0.170983
"Maplin Street, Mile End",72.0,89.0,101.0,73.0,83.75,71.0,51.525501,-0.032267
"Margery Street, Clerkenwell",38.0,29.0,31.0,37.0,33.75,32.0,51.526599,-0.112432
"Marloes Road, Kensington",29.0,29.0,28.0,19.0,26.25,17.0,51.496481,-0.192404
"Marylebone Lane, Marylebone",81.0,75.0,73.0,66.0,73.75,72.0,51.514759,-0.148105
"Merchant Street, Bow",20.0,21.0,23.0,23.0,21.75,11.0,51.526578,-0.027581
"Mexfield Road, East Putney",16.0,10.0,10.0,7.0,10.75,11.0,51.45682,-0.202802
"Michael Road, Walham Green",27.0,36.0,25.0,35.0,30.75,37.0,51.477276,-0.18921
"Mile End Park Leisure Centre, Mile End",53.0,26.0,51.0,17.0,36.75,65.0,51.520597,-0.032566
"Mile End Stadium, Mile End",39.0,52.0,52.0,41.0,46.0,29.0,51.518541,-0.034903
"Millbank Tower, Pimlico",51.0,61.0,55.0,66.0,58.25,56.0,51.491884,-0.125674
"Millharbour, Millwall",14.0,17.0,21.0,13.0,16.25,9.0,51.496137,-0.019355
"Milroy Walk, South Bank",48.0,50.0,61.0,59.0,54.5,48.0,51.507244,-0.106237
"Monier Road, Hackney Wick",52.0,56.0,57.0,45.0,52.5,51.0,51.540311,-0.02163
"Montpelier Street, Knightsbridge",53.0,77.0,89.0,66.0,71.25,72.0,51.498884,-0.165471
"Montserrat Road , Putney",13.0,22.0,18.0,16.0,17.25,19.0,51.463211,-0.21555
"Monument Street, Monument",92.0,76.0,74.0,74.0,79.0,67.0,51.50964,-0.08497
"Moor Street, Soho",111.0,125.0,128.0,98.0,115.5,96.0,51.513527,-0.13011
"Moorfields, Moorgate",119.0,26.0,103.0,65.0,78.25,92.0,51.519069,-0.088285
"Morie Street, Wandsworth",26.0,16.0,13.0,22.0,19.25,25.0,51.459953,-0.190184
"Mostyn Grove, Bow",24.0,30.0,44.0,21.0,29.75,29.0,51.530535,-0.025492
"Mudchute DLR, Cubitt Town",9.0,5.0,14.0,11.0,9.75,5.0,51.490645,-0.014582
"Murray Grove , Hoxton",38.0,32.0,40.0,45.0,38.75,41.0,51.53089,-0.089782
"Museum of London, Barbican",82.0,85.0,110.0,81.0,89.5,83.0,51.517821,-0.096496
"Nantes Close, Wandsworth",23.0,25.0,16.0,17.0,20.25,9.0,51.46193,-0.180791
"Napier Avenue, Millwall",10.0,14.0,10.0,19.0,13.25,16.0,51.487679,-0.021582
"Natural History Museum, South Kensington",48.0,64.0,60.0,57.0,57.25,43.0,51.495592,-0.179077
"Naval Row, Blackwall",18.0,23.0,20.0,28.0,22.25,19.0,51.508981,-0.00699
"Nesham Street, Wapping",86.0,93.0,76.0,84.0,84.75,74.0,51.507131,-0.06691
"Nevern Place, Earl's Court",21.0,24.0,28.0,24.0,24.25,32.0,51.493343,-0.194757
"Neville Gill Close, Wandsworth",22.0,33.0,33.0,28.0,29.0,17.0,51.454752,-0.195197
"New Cavendish Street, Marylebone",73.0,65.0,73.0,59.0,67.5,58.0,51.519167,-0.147983
"New Fetter Lane, Holborn",59.0,66.0,70.0,55.0,62.5,41.0,51.517428,-0.107987
"New Globe Walk, Bankside",41.0,46.0,59.0,31.0,44.25,33.0,51.507385,-0.09644
"New Inn Yard, Shoreditch",63.0,63.0,59.0,72.0,64.25,61.0,51.524526,-0.079248
"New Kent Road, The Borough",42.0,45.0,48.0,26.0,40.25,50.0,51.494436,-0.092921
"New North Road 2, Hoxton",19.0,17.0,11.0,16.0,15.75,22.0,51.53114,-0.086016
"New Road 1 , Whitechapel",68.0,56.0,68.0,94.0,71.5,68.0,51.518154,-0.062697
"New Spring Gardens Walk, Vauxhall",35.0,45.0,29.0,46.0,38.75,30.0,51.487807,-0.122759
"Newby Place, Poplar",11.0,9.0,7.0,17.0,11.0,13.0,51.508896,-0.012413
"Newgate Street , St. Paul's",126.0,93.0,102.0,125.0,111.5,104.0,51.515418,-0.09885
"Newton Street, Covent Garden",43.0,39.0,39.0,35.0,39.0,20.0,51.516128,-0.120909
"Normand Park, West Kensington",73.0,66.0,75.0,53.0,66.75,66.0,51.484386,-0.204815
"Normandy Road, Stockwell",47.0,66.0,40.0,49.0,50.5,35.0,51.473874,-0.11258
"North Audley Street, Mayfair",61.0,64.0,78.0,66.0,67.25,66.0,51.512911,-0.153645
"North Wharf Road, Paddington",56.0,67.0,57.0,56.0,59.0,35.0,51.518622,-0.176645
"Northdown Street, King's Cross",31.0,31.0,33.0,26.0,30.25,20.0,51.531066,-0.11934
"Northfields, Wandsworth",19.0,11.0,21.0,10.0,15.25,15.0,51.460951,-0.200667
"Northington Street , Holborn",54.0,66.0,53.0,50.0,55.75,41.0,51.522264,-0.114079
"Northumberland Avenue, Strand",99.0,115.0,71.0,102.0,96.75,55.0,51.506767,-0.123702
"Norton Folgate, Liverpool Street",43.0,48.0,56.0,61.0,52.0,45.0,51.521113,-0.078869
"Notting Hill Gate Station, Notting Hill",88.0,75.0,78.0,86.0,81.75,79.0,51.509353,-0.196422
"Nutford Place, Marylebone",28.0,41.0,55.0,21.0,36.25,41.0,51.516517,-0.164393
"Old Brompton Road, South Kensington",61.0,48.0,61.0,56.0,56.5,63.0,51.490945,-0.18119
"Old Ford Road, Bethnal Green",25.0,31.0,35.0,33.0,31.0,25.0,51.531127,-0.048017
"Old Montague Street, Whitechapel",54.0,57.0,46.0,58.0,53.75,39.0,51.51793,-0.067937
"Old Quebec Street, Marylebone",106.0,118.0,145.0,117.0,121.5,100.0,51.514577,-0.158264
"Old Street Station, St. Luke's",96.0,117.0,121.0,102.0,109.0,115.0,51.52548,-0.089659
"Ontario Street, Elephant & Castle",48.0,56.0,38.0,43.0,46.25,45.0,51.49652,-0.101384
"Orbel Street, Battersea",38.0,24.0,41.0,21.0,31.0,26.0,51.474535,-0.17021
"Ormonde Gate, Chelsea",68.0,21.0,37.0,37.0,40.75,44.0,51.487964,-0.161765
"Orsett Terrace, Bayswater",11.0,14.0,13.0,10.0,12.0,14.0,51.517932,-0.183716
"Osiers Road, Wandsworth",38.0,39.0,38.0,31.0,36.5,33.0,51.46067,-0.198735
"Ossulston Street, Somers Town",78.0,56.0,55.0,51.0,60.0,39.0,51.5293,-0.128279
"Oxford Road, Putney",8.0,10.0,7.0,15.0,10.0,10.0,51.460792,-0.212607
"Paddington Green, Paddington",8.0,11.0,6.0,8.0,8.25,12.0,51.520205,-0.174593
"Paddington Street, Marylebone",45.0,49.0,79.0,35.0,52.0,,51.520583,-0.154701
"Page Street, Westminster",95.0,78.0,87.0,75.0,83.75,57.0,51.493978,-0.127554
"Palace Gardens Terrace, Notting Hill",71.0,54.0,52.0,49.0,56.5,37.0,51.508605,-0.193764
"Palace Gate, Kensington Gardens",137.0,143.0,136.0,51.0,116.75,70.0,51.502042,-0.1844
"Palissy Street, Shoreditch",35.0,43.0,30.0,35.0,35.75,30.0,51.526293,-0.073955
"Pall Mall East, West End",110.0,99.0,104.0,90.0,100.75,87.0,51.50777,-0.130699
"Pancras Road, King's Cross",46.0,37.0,39.0,36.0,39.5,31.0,51.534123,-0.129386
"Panton Street, West End",110.0,100.0,125.0,96.0,107.75,92.0,51.509639,-0.13151
"Park Lane , Hyde Park",110.0,145.0,161.0,165.0,145.25,32.0,51.510017,-0.157275
"Park Lane, Mayfair",37.0,30.0,36.0,37.0,35.0,30.0,51.505426,-0.150817
"Park Road (Baker Street), The Regent's Park",68.0,96.0,87.0,65.0,79.0,68.0,51.524517,-0.158963
"Park Street, Bankside",39.0,53.0,53.0,37.0,45.5,38.0,51.505974,-0.092754
"Parkway, Camden Town",47.0,42.0,42.0,30.0,40.25,29.0,51.538071,-0.144664
"Parson's Green , Parson's Green",57.0,68.0,55.0,51.0,57.75,47.0,51.472817,-0.199783
"Parsons Green Station, Parsons Green",64.0,67.0,70.0,66.0,66.75,61.0,51.475089,-0.201968
"Pembridge Villas, Notting Hill",30.0,29.0,30.0,37.0,31.5,26.0,51.511084,-0.197524
"Penfold Street, Marylebone",13.0,14.0,8.0,6.0,10.25,13.0,51.522892,-0.171681
"Penywern Road, Earl's Court",62.0,67.0,72.0,57.0,64.5,67.0,51.491593,-0.192369
"Percival Street, Finsbury",28.0,39.0,27.0,28.0,30.5,28.0,51.526153,-0.102208
"Peterborough Road, Sands End",16.0,14.0,20.0,11.0,15.25,17.0,51.46904,-0.196274
"Phene Street, Chelsea",60.0,57.0,66.0,67.0,62.5,56.0,51.484984,-0.167919
"Phillimore Gardens, Kensington",56.0,68.0,68.0,82.0,68.5,68.0,51.499606,-0.197574
"Philpot Street, Whitechapel",41.0,48.0,46.0,50.0,46.25,41.0,51.515256,-0.058641
"Pindar Street, Liverpool Street",40.0,30.0,40.0,41.0,37.75,30.0,51.520955,-0.083493
"Pitfield Street Central, Hoxton",39.0,23.0,28.0,27.0,29.25,31.0,51.53213,-0.08299
"Pitfield Street North,Hoxton",78.0,91.0,86.0,99.0,88.5,93.0,51.53558,-0.08249
"Plough Terrace, Clapham Junction",24.0,21.0,17.0,26.0,22.0,18.0,51.462305,-0.175407
"Podium, Queen Elizabeth Olympic Park",56.0,69.0,44.0,54.0,55.75,43.0,51.538718,-0.011889
"Pont Street, Knightsbridge",68.0,48.0,67.0,59.0,60.5,55.0,51.496886,-0.161203
"Porchester Place, Paddington",103.0,66.0,71.0,81.0,80.25,80.0,51.514746,-0.165164
"Portland Place, Marylebone",58.0,78.0,40.0,45.0,55.25,49.0,51.520715,-0.145211
"Portman Square, Marylebone",68.0,55.0,67.0,44.0,58.5,56.0,51.516204,-0.155525
"Pott Street, Bethnal Green",61.0,49.0,77.0,56.0,60.75,51.0,51.527152,-0.058005
"Poured Lines, Bankside",48.0,30.0,37.0,32.0,36.75,26.0,51.506692,-0.103137
"Preston's Road, Cubitt Town",15.0,20.0,27.0,21.0,20.75,9.0,51.499286,-0.009152
"Prince Albert Road, The Regent's Park",48.0,54.0,47.0,41.0,47.5,37.0,51.535892,-0.160854
"Prince Consort Road, Knightsbridge",31.0,33.0,30.0,24.0,29.5,34.0,51.499806,-0.176415
"Prince of Wales Drive, Battersea Park",53.0,46.0,57.0,55.0,52.75,49.0,51.475153,-0.159169
"Princedale Road , Holland Park",25.0,39.0,26.0,30.0,30.0,34.0,51.506465,-0.208486
"Princes Square, Bayswater",37.0,18.0,30.0,20.0,26.25,32.0,51.513489,-0.191351
"Pritchard's Road, Bethnal Green",75.0,70.0,77.0,62.0,71.0,67.0,51.532091,-0.06142
"Putney Bridge Road, East Putney",17.0,14.0,16.0,18.0,16.25,22.0,51.461999,-0.20624
"Putney Bridge Station, Fulham",31.0,34.0,32.0,27.0,31.0,23.0,51.468814,-0.210279
"Putney Pier, Wandsworth",40.0,33.0,38.0,37.0,37.0,33.0,51.466907,-0.216573
"Putney Rail Station, Putney",12.0,20.0,26.0,13.0,17.75,11.0,51.460717,-0.216526
"Queen Mary's, Mile End",46.0,44.0,46.0,57.0,48.25,40.0,51.522507,-0.041378
"Queen Mother Sports Centre, Victoria",86.0,63.0,75.0,69.0,73.25,75.0,51.493573,-0.139956
"Queen Street 1, Bank",128.0,141.0,163.0,171.0,150.75,148.0,51.511553,-0.09294
"Queen Street 2, Bank",264.0,235.0,221.0,184.0,226.0,147.0,51.511246,-0.093051
"Queen Victoria Street, St. Paul's",75.0,82.0,77.0,82.0,79.0,60.0,51.511961,-0.097441
"Queen's Circus, Battersea Park",74.0,83.0,90.0,77.0,81.0,65.0,51.477619,-0.149551
"Queen's Gate (Central), South Kensington",46.0,25.0,32.0,30.0,33.25,34.0,51.493967,-0.178732
"Queen's Gate (North), Kensington",33.0,66.0,65.0,77.0,60.25,46.0,51.501026,-0.180246
"Queen's Gate (South), South Kensington",69.0,59.0,75.0,64.0,66.75,43.0,51.492479,-0.178433
"Queen's Gate, Kensington Gardens",125.0,108.0,98.0,143.0,118.5,91.0,51.501715,-0.179854
"Queensbridge Road, Haggerston",28.0,35.0,31.0,26.0,30.0,17.0,51.53385,-0.06992
"Queensdale Road, Shepherd's Bush",15.0,18.0,24.0,24.0,20.25,23.0,51.50659,-0.216104
"Queensway, Kensington Gardens",168.0,130.0,63.0,95.0,114.0,67.0,51.51031,-0.187402
"Rainville Road, Hammersmith",34.0,34.0,30.0,34.0,33.0,29.0,51.483732,-0.223852
"Ram Street, Wandsworth",49.0,56.0,69.0,58.0,58.0,42.0,51.457529,-0.192165
"Rampayne Street, Pimlico",73.0,61.0,64.0,43.0,60.25,64.0,51.489975,-0.132845
"Ranelagh Gardens, Fulham",33.0,19.0,28.0,27.0,26.75,22.0,51.467601,-0.206827
"Rathbone Street, Fitzrovia",40.0,45.0,36.0,43.0,41.0,34.0,51.518162,-0.135025
"Ravenscourt Park Station, Hammersmith",46.0,49.0,42.0,46.0,45.75,46.0,51.494223,-0.236769
"Reardon Street, Wapping",44.0,51.0,46.0,32.0,43.25,41.0,51.506946,-0.058681
"Rectory Square, Stepney",25.0,31.0,31.0,24.0,27.75,35.0,51.518369,-0.043371
"Red Lion Square, Holborn",37.0,36.0,34.0,36.0,35.75,30.0,51.519435,-0.119123
"Red Lion Street, Holborn",73.0,80.0,74.0,54.0,70.25,51.0,51.51824,-0.11655
"Regency Street, Westminster",50.0,47.0,41.0,38.0,44.0,36.0,51.49206,-0.132224
"Richmond Way, Shepherd's Bush",36.0,36.0,52.0,48.0,43.0,32.0,51.500353,-0.217515
"Rifle Place, Avondale",16.0,12.0,15.0,17.0,15.0,23.0,51.509224,-0.216016
"Risinghill Street, Angel",19.0,9.0,19.0,16.0,15.75,12.0,51.533319,-0.111781
"River Street , Clerkenwell",21.0,18.0,13.0,16.0,17.0,9.0,51.529163,-0.10997
"Riverlight North, Nine Elms",64.0,81.0,76.0,83.0,76.0,84.0,51.482362,-0.136123
"Riverlight South, Nine Elms",60.0,56.0,75.0,45.0,59.0,46.0,51.481335,-0.138212
"Rochester Row, Westminster",34.0,41.0,57.0,25.0,39.25,38.0,51.495827,-0.135478
"Rodney Road , Walworth",45.0,46.0,54.0,43.0,47.0,41.0,51.491484,-0.09022
"Roscoe Street, St. Luke's",38.0,25.0,40.0,44.0,36.75,48.0,51.522954,-0.094934
"Rotherhithe Roundabout, Rotherhithe",29.0,41.0,33.0,35.0,34.5,29.0,51.499169,-0.055846
"Royal Avenue 1, Chelsea",36.0,31.0,33.0,19.0,29.75,26.0,51.489932,-0.162727
"Royal Avenue 2, Chelsea",64.0,56.0,46.0,33.0,49.75,55.0,51.490083,-0.162418
"Royal College Street, Camden Town",38.0,33.0,43.0,24.0,34.5,27.0,51.536264,-0.133952
"Royal London Hospital, Whitechapel",99.0,110.0,96.0,93.0,99.5,90.0,51.518675,-0.06111
"Russell Gardens, Olympia",22.0,28.0,24.0,16.0,22.5,20.0,51.500088,-0.211316
"Russell Square Station, Bloomsbury",75.0,63.0,64.0,66.0,67.0,56.0,51.523418,-0.124121
"Sackville Street, Mayfair",67.0,55.0,70.0,58.0,62.5,57.0,51.510048,-0.138846
"Sadlers Sports Centre, Finsbury",58.0,48.0,67.0,45.0,54.5,40.0,51.524868,-0.099489
"Sail Street, Vauxhall",31.0,22.0,39.0,17.0,27.25,28.0,51.495656,-0.114605
"Salmon Lane, Limehouse",46.0,43.0,52.0,40.0,45.25,39.0,51.514115,-0.033828
"Saltoun Road, Brixton",62.0,49.0,33.0,66.0,52.5,29.0,51.460232,-0.115375
"Sancroft Street, Vauxhall",24.0,33.0,23.0,31.0,27.75,24.0,51.489479,-0.115156
"Sandilands Road, Walham Green",57.0,45.0,37.0,46.0,46.25,45.0,51.473611,-0.191803
"Santos Road, Wandsworth",10.0,7.0,10.0,5.0,8.0,15.0,51.457059,-0.200806
"Sardinia Street, Holborn",34.0,26.0,44.0,38.0,35.5,38.0,51.515208,-0.117863
"Saunders Ness Road, Cubitt Town",33.0,39.0,16.0,38.0,31.5,16.0,51.487129,-0.009001
"Scala Street, Fitzrovia",58.0,47.0,48.0,56.0,52.25,39.0,51.519914,-0.136039
"Sea Containers, South Bank",83.0,100.0,85.0,78.0,86.5,80.0,51.508033,-0.106823
"Sedding Street, Sloane Square",132.0,89.0,109.0,69.0,99.75,87.0,51.49313,-0.156876
"Selby Street, Whitechapel",35.0,44.0,27.0,38.0,36.0,27.0,51.521905,-0.063386
"Serpentine Car Park, Hyde Park",167.0,200.0,213.0,171.0,187.75,99.0,51.505014,-0.17306
"Seville Street, Knightsbridge",89.0,63.0,,51.0,67.66666666666667,100.0,51.501855,-0.159237
"Seymour Place, Marylebone",36.0,50.0,41.0,35.0,40.5,27.0,51.520331,-0.163667
"Shadwell Station, Shadwell",39.0,59.0,53.0,47.0,49.5,48.0,51.511088,-0.057159
"Sheepcote Lane, Battersea",31.0,32.0,39.0,32.0,33.5,20.0,51.470538,-0.163041
"Shepherd's Bush Road North, Shepherd's Bush",53.0,37.0,47.0,39.0,44.0,53.0,51.501594,-0.222293
"Shoreditch Court, Haggerston",30.0,43.0,43.0,34.0,37.5,31.0,51.539083,-0.070329
"Shoreditch High Street, Shoreditch",95.0,113.0,113.0,106.0,106.75,78.0,51.526377,-0.07813
"Shoreditch Park, Hoxton",46.0,58.0,41.0,53.0,49.5,52.0,51.534042,-0.086379
"Shouldham Street, Marylebone",56.0,41.0,59.0,44.0,50.0,34.0,51.51809,-0.163609
"Sidney Road, Stockwell",26.0,35.0,31.0,38.0,32.5,29.0,51.469202,-0.119022
"Silverthorne Road, Battersea",37.0,36.0,45.0,27.0,36.25,32.0,51.472865,-0.148059
"Simpson Street, Clapham Junction",62.0,62.0,58.0,68.0,62.5,59.0,51.470847,-0.170703
"Sirdar Road, Avondale",9.0,9.0,12.0,10.0,10.0,18.0,51.510928,-0.214594
"Sloane Avenue, Knightsbridge",86.0,80.0,106.0,102.0,93.5,86.0,51.493184,-0.167894
"Smith Square, Westminster",71.0,49.0,50.0,63.0,58.25,50.0,51.495805,-0.127575
"Smugglers Way, Wandsworth",23.0,27.0,23.0,39.0,28.0,22.0,51.461083,-0.191722
"Snow Hill, Farringdon",47.0,50.0,44.0,40.0,45.25,38.0,51.517334,-0.103604
"Snowsfields, London Bridge",68.0,82.0,84.0,84.0,79.5,72.0,51.502153,-0.083632
"Soho Square , Soho",164.0,174.0,170.0,173.0,170.25,125.0,51.515631,-0.132328
"Somerset House, Strand",84.0,105.0,60.0,93.0,85.5,77.0,51.509943,-0.117619
"Sopwith Way, Battersea Park",68.0,75.0,73.0,57.0,68.25,67.0,51.481121,-0.149035
"South Audley Street, Mayfair",32.0,19.0,39.0,23.0,28.25,26.0,51.50923,-0.151289
"South Kensington Station, South Kensington",107.0,96.0,100.0,93.0,99.0,107.0,51.494412,-0.173881
"South Lambeth Road, Vauxhall",69.0,63.0,62.0,69.0,65.75,61.0,51.481747,-0.124642
"South Parade, Chelsea",42.0,42.0,44.0,39.0,41.75,36.0,51.48902,-0.17524
"South Park, Sands End",38.0,32.0,36.0,35.0,35.25,20.0,51.467064,-0.193502
"South Quay East, Canary Wharf",5.0,24.0,9.0,6.0,11.0,10.0,51.50196,-0.016251
"South Wharf Road, Paddington",67.0,73.0,75.0,74.0,72.25,46.0,51.517335,-0.17581
"Southampton Place, Holborn",45.0,60.0,56.0,42.0,50.75,47.0,51.517606,-0.121328
"Southampton Street, Strand",53.0,88.0,80.0,68.0,72.25,38.0,51.510701,-0.121723
"Southern Grove, Bow",24.0,24.0,34.0,24.0,26.5,27.0,51.523538,-0.030556
"Southerton Road, Hammersmith",56.0,52.0,40.0,49.0,49.25,37.0,51.494499,-0.228188
"Southwark Station 1, Southwark",51.0,68.0,72.0,60.0,62.75,40.0,51.504043,-0.105312
"Southwark Station 2, Southwark",34.0,47.0,36.0,42.0,39.75,29.0,51.504044,-0.104778
"Southwark Street, Bankside",34.0,35.0,37.0,29.0,33.75,33.0,51.505409,-0.098341
"Southwick Street, Paddington",43.0,31.0,27.0,30.0,32.75,38.0,51.515953,-0.169249
"Spanish Road, Clapham Junction",17.0,8.0,14.0,9.0,12.0,10.0,51.459225,-0.180884
"Spencer Park, Wandsworth Common",11.0,12.0,4.0,10.0,9.25,13.0,51.45787,-0.174691
"Spindrift Avenue, Millwall",19.0,23.0,24.0,16.0,20.5,14.0,51.49109,-0.018716
"St John's Crescent, Brixton",9.0,25.0,20.0,21.0,18.75,17.0,51.466232,-0.113179
"St Martins Close, Camden Town",11.0,14.0,17.0,17.0,14.75,14.0,51.538792,-0.138535
"St Mary's Hospital, Paddington",77.0,91.0,96.0,70.0,83.5,55.0,51.518268,-0.171103
"St. Bride Street, Holborn",119.0,90.0,97.0,64.0,92.5,74.0,51.515059,-0.105344
"St. Chad's Street, King's Cross",34.0,29.0,37.0,27.0,31.75,33.0,51.530059,-0.120973
"St. George Street, Mayfair",80.0,49.0,71.0,47.0,61.75,64.0,51.51196,-0.142783
"St. George's Square, Pimlico",68.0,59.0,64.0,41.0,58.0,18.0,51.488226,-0.135635
"St. James's Square, St. James's",256.0,200.0,221.0,210.0,221.75,164.0,51.507424,-0.134621
"St. John Street, Finsbury",22.0,28.0,24.0,19.0,23.25,24.0,51.52836,-0.104724
"St. John's Park, Cubitt Town",15.0,11.0,16.0,9.0,12.75,15.0,51.496454,-0.009506
"St. John's Road, Clapham Junction",47.0,52.0,52.0,44.0,48.75,44.0,51.462392,-0.168292
"St. John's Wood Church, The Regent's Park",28.0,35.0,26.0,40.0,32.25,33.0,51.530529,-0.167515
"St. John's Wood Road, St. John's Wood",17.0,22.0,27.0,39.0,26.25,28.0,51.527294,-0.174653
"St. Katharine's Way, Tower",62.0,75.0,39.0,47.0,55.75,32.0,51.505697,-0.070542
"St. Luke's Church, Chelsea",56.0,41.0,57.0,62.0,54.0,38.0,51.489716,-0.170194
"St. Mark's Road, North Kensington",29.0,23.0,39.0,26.0,29.25,38.0,51.51687,-0.213872
"St. Martin's Street, West End",41.0,55.0,44.0,40.0,45.0,43.0,51.509087,-0.129697
"St. Mary & St. Michael Church, Stepney",12.0,14.0,16.0,11.0,13.25,17.0,51.51417,-0.052099
"St. Mary Axe, Aldgate",65.0,45.0,52.0,39.0,50.25,55.0,51.514225,-0.08066
"St. Peter's Terrace, Fulham",44.0,46.0,39.0,45.0,43.5,34.0,51.478939,-0.208485
"Stamford Street, South Bank",48.0,56.0,57.0,57.0,54.5,37.0,51.505569,-0.111606
"Stanhope Gate, Mayfair",34.0,27.0,26.0,39.0,31.5,32.0,51.506864,-0.150666
"Stanley Grove, Battersea",26.0,20.0,26.0,27.0,24.75,27.0,51.470475,-0.15213
"Star Road, West Kensington",42.0,35.0,30.0,33.0,35.0,29.0,51.487244,-0.205279
"Stebondale Street, Cubitt Town",14.0,9.0,35.0,15.0,18.25,18.0,51.489096,-0.009205
"Stephendale Road, Sands End",67.0,57.0,74.0,52.0,62.5,57.0,51.46822,-0.190346
"Stepney Green Station, Stepney",71.0,64.0,80.0,64.0,69.75,69.0,51.521889,-0.04667
"Stewart's Road, Wandsworth Road",27.0,20.0,27.0,19.0,23.25,24.0,51.473116,-0.137235
"Store Street, Bloomsbury",76.0,64.0,62.0,64.0,66.5,42.0,51.519572,-0.13214
"Strand, Strand",65.0,70.0,65.0,66.0,66.5,54.0,51.512582,-0.115057
"Strata, Elephant & Castle",107.0,95.0,118.0,106.0,106.5,95.0,51.493146,-0.099828
"Stratford Station, Stratford",41.0,72.0,58.0,59.0,57.5,44.0,51.541793,-0.00481
"Sugden Road, Clapham",43.0,27.0,36.0,30.0,34.0,34.0,51.465123,-0.157788
"Sumner Place, South Kensington",46.0,46.0,37.0,36.0,41.25,29.0,51.491211,-0.173715
"Sun Street, Liverpool Street",65.0,55.0,64.0,57.0,60.25,54.0,51.520009,-0.083935
"Surrey Lane, Battersea",44.0,33.0,32.0,41.0,37.5,43.0,51.47518,-0.16716
"Sutton Street, Shadwell",94.0,69.0,87.0,75.0,81.25,55.0,51.511066,-0.053558
"Swan Street, The Borough",53.0,47.0,45.0,31.0,44.0,40.0,51.500296,-0.092762
"Tachbrook Street, Victoria",49.0,54.0,59.0,41.0,50.75,38.0,51.492111,-0.138364
"Tallis Street, Temple",57.0,46.0,40.0,53.0,49.0,32.0,51.511891,-0.107349
"Tanner Street, Bermondsey",65.0,54.0,61.0,58.0,59.5,58.0,51.500647,-0.0786
"Tate Modern, Bankside",68.0,64.0,76.0,44.0,63.0,47.0,51.506725,-0.098807
"Tavistock Place, Bloomsbury",49.0,28.0,46.0,45.0,42.0,27.0,51.52625,-0.123509
"Tavistock Street, Covent Garden",92.0,92.0,77.0,71.0,83.0,55.0,51.511968,-0.120718
"Taviton Street, Bloomsbury",48.0,57.0,67.0,45.0,54.25,43.0,51.52505,-0.131161
"Temple Gardens, Temple",63.0,92.0,81.0,81.0,79.25,59.0,51.510981,-0.108322
"Teversham Lane, Stockwell",19.0,35.0,33.0,25.0,28.0,25.0,51.476149,-0.123258
"Teviot Street, Poplar",9.0,4.0,8.0,6.0,6.75,11.0,51.518811,-0.011662
"The Guildhall, Guildhall",38.0,34.0,37.0,47.0,39.0,24.0,51.515735,-0.09308
"The Metropolitan, Portobello",43.0,25.0,38.0,35.0,35.25,36.0,51.520509,-0.200804
"The Tennis Courts, The Regent's Park",41.0,63.0,42.0,73.0,54.75,44.0,51.525367,-0.153463
"The Vale, Chelsea",74.0,50.0,63.0,70.0,64.25,54.0,51.485121,-0.174971
"Theobald's Road , Holborn",71.0,59.0,62.0,57.0,62.25,55.0,51.520596,-0.116688
"Thorndike Close, West Chelsea",36.0,22.0,33.0,31.0,30.5,34.0,51.480898,-0.183853
"Timber Lodge, Queen Elizabeth Olympic Park",33.0,75.0,26.0,64.0,49.5,46.0,51.546805,-0.014691
"Tooley Street, Bermondsey",163.0,119.0,197.0,151.0,157.5,149.0,51.503493,-0.07962
"Torrens Street, Angel",34.0,28.0,22.0,28.0,28.0,18.0,51.532199,-0.10548
"Tower Gardens , Tower",100.0,95.0,191.0,127.0,128.25,110.0,51.509506,-0.075459
"Tower Wharf, Bermondsey",43.0,57.0,81.0,47.0,57.0,47.0,51.500845,-0.074704
"Trebovir Road, Earl's Court",44.0,49.0,45.0,38.0,44.0,53.0,51.490853,-0.19617
"Triangle Car Park, Hyde Park",170.0,191.0,172.0,175.0,177.0,105.0,51.506451,-0.170279
"Turquoise Island, Notting Hill",45.0,66.0,53.0,35.0,49.75,51.0,51.514311,-0.200838
"Twig Folly Bridge, Mile End",59.0,51.0,64.0,55.0,57.25,51.0,51.530326,-0.042744
"Tyers Gate, Bermondsey",51.0,46.0,42.0,42.0,45.25,41.0,51.500889,-0.083159
"Tysoe Street, Clerkenwell",64.0,82.0,62.0,73.0,70.25,72.0,51.526443,-0.109256
"Union Grove, Wandsworth Road",37.0,63.0,34.0,43.0,44.25,40.0,51.472993,-0.133972
"Union Street, The Borough",48.0,52.0,45.0,53.0,49.5,34.0,51.503688,-0.098497
"Upcerne Road, West Chelsea",57.0,52.0,47.0,38.0,48.5,33.0,51.478169,-0.182435
"Upper Bank Street, Canary Wharf",69.0,64.0,90.0,82.0,76.25,44.0,51.503083,-0.017676
"Upper Grosvenor Street, Mayfair",25.0,18.0,25.0,12.0,20.0,26.0,51.51013,-0.155757
"Upper Richmond Road, Putney",14.0,15.0,17.0,16.0,15.5,12.0,51.459715,-0.212145
"Usk Road, Clapham Junction",37.0,33.0,40.0,47.0,39.25,40.0,51.463489,-0.182126
"Vauxhall Bridge , Pimlico",45.0,38.0,35.0,29.0,36.75,32.0,51.488365,-0.129361
"Vauxhall Cross, Vauxhall",116.0,150.0,105.0,115.0,121.5,125.0,51.485917,-0.124469
"Vauxhall Street, Vauxhall",36.0,38.0,54.0,55.0,45.75,51.0,51.486965,-0.116625
"Vauxhall Walk, Vauxhall",37.0,31.0,41.0,32.0,35.25,28.0,51.488124,-0.120903
"Vereker Road, West Kensington",46.0,53.0,50.0,50.0,49.75,49.0,51.489591,-0.209378
"Vicarage Crescent, Battersea",52.0,52.0,71.0,50.0,56.25,59.0,51.472876,-0.176267
"Vicarage Gate, Kensington",28.0,25.0,22.0,11.0,21.5,21.0,51.504723,-0.192538
"Victoria & Albert Museum, South Kensington",30.0,33.0,42.0,17.0,30.5,19.0,51.495898,-0.173009
"Victoria Park Road, Hackney Central",62.0,50.0,62.0,44.0,54.5,53.0,51.536424,-0.054162
"Victoria Rise, Clapham Common",40.0,38.0,57.0,33.0,42.0,49.0,51.461376,-0.147804
"Victory Place, Walworth",36.0,36.0,32.0,31.0,33.75,30.0,51.492807,-0.091938
"Vincent Square, Westminster",36.0,31.0,30.0,18.0,28.75,26.0,51.493985,-0.136928
"Vincent Street, Pimlico",45.0,32.0,53.0,47.0,44.25,27.0,51.493072,-0.129925
"Walmer Road, Avondale",16.0,17.0,26.0,13.0,18.0,8.0,51.510101,-0.211358
"Walnut Tree Walk, Vauxhall",50.0,43.0,49.0,41.0,45.75,36.0,51.493686,-0.111014
"Walworth Square, Walworth",66.0,81.0,51.0,59.0,64.25,32.0,51.491327,-0.096518
"Wandsworth Rd, Isley Court, Wandsworth Road",27.0,40.0,33.0,39.0,34.75,36.0,51.469259,-0.141812
"Wandsworth Town Station, Wandsworth",51.0,44.0,56.0,35.0,46.5,28.0,51.460864,-0.187427
"Wapping High Street, Wapping",42.0,37.0,44.0,34.0,39.25,29.0,51.504904,-0.06797
"Wapping Lane, Wapping",64.0,64.0,62.0,53.0,60.75,49.0,51.504749,-0.057544
"Wardour Street, Soho",105.0,103.0,112.0,104.0,106.0,92.0,51.512515,-0.133201
"Warren Street Station, Euston",126.0,109.0,108.0,112.0,113.75,104.0,51.524438,-0.138019
"Warwick Avenue Station, Maida Vale",60.0,72.0,69.0,54.0,63.75,41.0,51.523344,-0.183846
"Warwick Road, Olympia",81.0,82.0,69.0,59.0,72.75,63.0,51.496712,-0.205284
"Warwick Row, Westminster",104.0,89.0,108.0,98.0,99.75,107.0,51.497998,-0.14296
"Warwick Square, Pimlico",46.0,42.0,44.0,42.0,43.5,42.0,51.489856,-0.141923
"Waterloo Bridge, South Bank",30.0,33.0,33.0,43.0,34.75,16.0,51.505354,-0.113656
"Waterloo Place, St. James's",57.0,63.0,50.0,53.0,55.75,30.0,51.506633,-0.131773
"Waterloo Road, South Bank",36.0,41.0,38.0,44.0,39.75,31.0,51.50486,-0.113001
"Waterloo Station 1, Waterloo",224.0,177.0,239.0,214.0,213.5,120.0,51.504027,-0.113864
"Waterloo Station 2, Waterloo",103.0,84.0,112.0,97.0,99.0,52.0,51.503919,-0.113426
"Waterloo Station 3, Waterloo",292.0,263.0,215.0,213.0,245.75,134.0,51.503791,-0.112824
"Watney Market, Stepney",42.0,32.0,36.0,41.0,37.75,39.0,51.514222,-0.055656
"Watney Street, Shadwell",61.0,58.0,38.0,49.0,51.5,64.0,51.511542,-0.056667
"Webber Street , Southwark",59.0,46.0,54.0,56.0,53.75,41.0,51.500693,-0.102091
"Wellington Arch, Hyde Park",185.0,215.0,173.0,164.0,184.25,154.0,51.50274,-0.149569
"Wellington Road, St. John's Wood",34.0,44.0,31.0,35.0,36.0,35.0,51.533043,-0.172528
"Wellington Row, Bethnal Green",35.0,28.0,38.0,36.0,34.25,40.0,51.528222,-0.069743
"Wellington Street , Strand",83.0,99.0,81.0,101.0,91.0,78.0,51.511756,-0.119643
"Wells Street, Fitzrovia",88.0,81.0,104.0,101.0,93.5,72.0,51.517344,-0.138072
"Wendon Street, Old Ford",24.0,30.0,35.0,36.0,31.25,32.0,51.536039,-0.026262
"Wenlock Road , Hoxton",64.0,61.0,59.0,47.0,57.75,64.0,51.530991,-0.093903
"West Cromwell Road, Earl's Court",42.0,43.0,39.0,40.0,41.0,40.0,51.493724,-0.198286
"West Kensington Station, West Kensington",51.0,35.0,38.0,38.0,40.5,32.0,51.49087,-0.206029
"West Smithfield Rotunda, Farringdon",59.0,77.0,84.0,69.0,72.25,55.0,51.518218,-0.100791
"Westbourne Grove, Bayswater",38.0,47.0,54.0,48.0,46.75,46.0,51.515529,-0.19024
"Westbourne Park Road, Portobello",32.0,34.0,33.0,27.0,31.5,17.0,51.51787,-0.201005
"Westbridge Road, Battersea",82.0,86.0,85.0,69.0,80.5,62.0,51.477684,-0.170329
"Westferry Circus, Canary Wharf",84.0,83.0,68.0,65.0,75.0,87.0,51.505703,-0.027772
"Westferry DLR, Limehouse",64.0,88.0,63.0,65.0,70.0,70.0,51.509303,-0.025996
"Westfield Ariel Way, White City",63.0,75.0,74.0,56.0,67.0,70.0,51.509158,-0.224103
"Westfield Southern Terrace ,Shepherd's Bush",31.0,45.0,29.0,30.0,33.75,41.0,51.506256,-0.218337
"Westminster Bridge Road, Elephant & Castle",9.0,7.0,11.0,1.0,7.0,9.0,51.498386,-0.107913
"Westminster Pier, Westminster",186.0,134.0,138.0,167.0,156.25,132.0,51.501513,-0.123823
"Westminster University, Marylebone",39.0,34.0,50.0,39.0,40.5,13.0,51.522481,-0.154907
"Whiston Road, Haggerston",20.0,20.0,29.0,28.0,24.25,25.0,51.534464,-0.076341
"Whitehall Place, Strand",179.0,161.0,184.0,165.0,172.25,110.0,51.506543,-0.123179
"William IV Street, Strand",114.0,111.0,92.0,120.0,109.25,81.0,51.509462,-0.124749
"William Morris Way, Sands End",52.0,36.0,49.0,39.0,44.0,37.0,51.468819,-0.184318
"Windsor Terrace, Hoxton",31.0,39.0,31.0,39.0,35.0,8.0,51.529154,-0.093421
"Wood Street, Guildhall",49.0,30.0,34.0,29.0,35.5,31.0,51.517008,-0.093885
"Woodstock Grove, Shepherd's Bush",63.0,57.0,67.0,67.0,63.5,50.0,51.504038,-0.2174
"Woodstock Street, Mayfair",41.0,35.0,53.0,43.0,43.0,40.0,51.514105,-0.147301
"World's End Place, West Chelsea",56.0,61.0,55.0,52.0,56.0,58.0,51.481805,-0.180274
"Wormwood Street, Liverpool Street",216.0,220.0,230.0,210.0,219.0,157.0,51.516154,-0.082422
"Worship Street, Shoreditch",74.0,79.0,77.0,70.0,75.0,67.0,51.521668,-0.079608
"Wren Street, Holborn",38.0,27.0,47.0,33.0,36.25,22.0,51.524564,-0.116279
"Wright's Lane, Kensington",94.0,91.0,92.0,83.0,90.0,65.0,51.500397,-0.193068
"Wynne Road, Stockwell",26.0,23.0,22.0,18.0,22.25,19.0,51.469217,-0.112686
"York Hall, Bethnal Green",45.0,48.0,55.0,41.0,47.25,42.0,51.528936,-0.055894
"York Way, Kings Cross",52.0,56.0,42.0,46.0,49.0,48.0,51.541596,-0.125441
"Gower Place , Euston",,21.0,,26.0,23.5,,51.525227,-0.135188
"Pennington Street, Wapping",,21.0,10.0,15.0,15.333333333333334,14.0,51.508622,-0.065006
"Portugal Street, Holborn",,14.0,,4.0,9.0,2.0,51.514943,-0.116146
"Stonecutter Street, Holborn",,39.0,,25.0,32.0,8.0,51.515809,-0.10527
